NAZWA|WOJEWÓDZTWO|POWIAT|MIEJSCOWOŚĆ|ULICA|NRDOMU|KOD POCZTOWY|NRTEL||NRFAX|NR FAXU 2    wraz z nr kierunkowym|EMAIL|ADRES 2 E-MAIL URZĘDU|WWW|SZEROKOŚĆ GEOGRAFICZNA|DŁUGOŚĆ GEOGRAFICZNA|@lat|@lon|@id
Wojewódzka Stacja Sanitarno-Epidemiologiczna we Wrocławiu|dolnośląskie||Wrocław|Marii Curie-Skłodowskiej|73/77|50-950|71 328 30 41|71 328 30 49|71 328 35 92||wsse.wroclaw@pis.gov.pl||https://www.gov.pl/web/wsse-wroclaw|51.1092|17.0663|51.1090227|17.0662841|
Powiatowa Stacja Sanitarno-Epidemiologiczna w Bolesławcu|dolnośląskie|bolesławiecki|Bolesławiec|Górników|8|59-700|75 732 32 46||75 732 35 68||psse.boleslawiec@pis.gov.pl||https://www.gov.pl/web/psse-boleslawiec|51.2577|15.5673|51.2575894|15.5674609|
Powiatowa Stacja Sanitarno-Epidemiologiczna w Dzierżoniowie|dolnośląskie|dzierżoniowski|Dzierżoniów|Krasickiego|36|58-200|74 832 33 33||74 832 33 34||psse.dzierzoniow@pis.gov.pl||https://www.gov.pl/web/psse-dzierzoniow|50.7264|16.6474|50.7264133|16.6473496|way/228861657
Powiatowa Stacja Sanitarno-Epidemiologiczna w Głogowie|dolnośląskie|głogowski|Głogów|Piotra Skargi|4|67-200|76 727 25 94||76 72 72 595||psse.glogow@pis.gov.pl||www.gov.pl/web/psse-glogow|51.6613|16.0958|51.6612896|16.0957675|way/103724525
Powiatowa Stacja Sanitarno-Epidemiologiczna w Górze|dolnośląskie|górowski|Góra|Hirszfelda|6|56-200|65 543 23 54|698086959|65 543 26 41||psse.gora@pis.gov.pl|psse.gora@post.pl|https://www.gov.pl/web/psse-gora|51.6656|16.5408|51.6655089|16.540387140692616|
Powiatowa Stacja Sanitarno-Epidemiologiczna w Jaworze|dolnośląskie|jaworski|Jawor|Piwna|1|59-400|76 870 28 74||76 870 28 74||psse.jawor@pis.gov.pl||https://www.gov.pl/web/psse-jawor|51.0511|16.1964|51.05106355|16.196446034246776|
Powiatowa Stacja Sanitarno-Epidemiologiczna w Jeleniej Górze|dolnośląskie|jeleniogórski|Jelenia Góra|Kasprowicza |17|58-500|75 643 55 60||75 643 55 61||psse.jeleniagora@pis.gov.pl||https://www.gov.pl/web/psse-jelenia-gora|50.9018|15.7302|50.8999364|15.7291246|way/204687673
Powiatowa Stacja Sanitarno-Epidemiologiczna w Kamiennej Górze|dolnośląskie|kamiennogórski|Kamienna Góra|Sienkiewicza|5|58-400|75 645 01 40|75 875 10 75|75 645 01 41||psse.kamiennagora@pis.gov.pl|pssekg@data.pl|https://www.gov.pl/web/psse-kamienna-gora|50.7813|16.0280|50.7813289|16.0291939|way/396984996
Powiatowa Stacja Sanitarno-Epidemiologiczna w Kłodzku|dolnośląskie|kłodzki|Kłodzko|Okrzei|16|57-300|74 867 35 26|74 867 33 23|74 867 69 66||psse.klodzko@pis.gov.pl||https://www.gov.pl/web/psse-klodzko|50.4333|16.6507|50.433337699999996|16.65069702976606|
Powiatowa Stacja Sanitarno-Epidemiologiczna w Legnicy|dolnośląskie|legnicki|Legnica|Mickiewicza|24|59-220|76 724 53 10||76 724 53 11||psse.legnica@pis.gov.pl||https://www.gov.pl/web/psse-legnica|51.2031|16.1643|51.20289085|16.16448187770405|
Powiatowa Stacja Sanitarno-Epidemiologiczna w Lubaniu|dolnośląskie|lubański|Lubań|Bankowa|9b|59-800|75 646 40 43||75 646 40 43||psse.luban@pis.gov.pl||www.gov.pl/web/psse-luban|51.1188|15.2863|51.11886|15.28653|
Powiatowa Stacja Sanitarno-Epidemiologiczna w Lubinie|dolnośląskie|lubiński|Lubin|1-go Maja|15|59-300|76 846 67 00|77 846 67 00|76 846 67 01|76 846 67 02|psse.lubin@pis.gov.pl||http://www.gov.pl/web/psse-lubin|51.3964|16.1887|51.30330385|16.18211062346742|
Powiatowa Stacja Sanitarno-Epidemiologiczna w Lwówku Śląskim|dolnośląskie|lwówecki|Lwówek Śląski|Partyzantów|6|59-600|75 782 43 59|75 782 39 89|75 782 43 59||psse.lwowekslaski@pis.gov.pl||https://www.gov.pl/web/psse-lwowek-slaski|51.1117|15.5795|51.1117801|15.5790886|way/394446127
Powiatowa Stacja Sanitarno-Epidemiologiczna w Miliczu|dolnośląskie|milicki|Milicz|Armii Krajowej|5|56-300|71 384 02 00||71 384 09 57||psse.milicz@pis.gov.pl|pssemilicz@pro.onet.pl|https://www.gov.pl/web/psse-milicz|51.5274|17.2754|51.5273538|17.27530261336842|
Powiatowa Stacja Sanitarno-Epidemiologiczna w Oleśnicy|dolnośląskie|oleśnicki|Oleśnica|3-go Maja|20|56-400|71 314 20 34||71 314 20 35||psse.olesnica@pis.gov.pl||https://www.gov.pl/web/psse-olesnica|51.2065|17.3788|51.2064725|17.378881828940877|
Powiatowa Stacja Sanitarno-Epidemiologiczna w Oławie|dolnośląskie|oławski|Oława|Warszawska|5|55-200|71 313 21 64|71 313 38 21|71 313 21 64||psse.olawa@pis.gov.pl||https://www.gov.pl/web/psse-olawa|50.9494|17.2859|50.9494541|17.286007328177355|
Powiatowa Stacja Sanitarno-Epidemiologiczna w Polkowicach|dolnośląskie|polkowicki|Polkowice|Rynek|22|59-100|76 746 22 46|76 746 22 47|76 746 22 47||psse.polkowice@pis.gov.pl||https://www.gov.pl/web/psse-polkowice|51.5039|16.0687|51.5030266|16.0686650|node/4375210241
Powiatowa Stacja Sanitarno-Epidemiologiczna w Strzelinie|dolnośląskie|strzeliński|Strzelin|Mickiewicza|18|57-100|71 329 03 21|71 329 10 44|71 329 03 21||psse.strzelin@pis.gov.pl||https://www.gov.pl/web/psse-strzelin|50.7838|17.0642|50.783897|17.064024249890085|
Powiatowa Stacja Sanitarno-Epidemiologiczna w Środzie Śląskiej|dolnośląskie|średzki|Środa Śląska|Ogrody Zamkowe|5|55-300|71 317 27 60||71 317 27 60||psse.srodaslaska@pis.gov.pl||https:www.gov.pl/web/psse-srodaslaska.pl|51.1657|16.5899|51.16570125|16.589874674983243|
Powiatowa Stacja Sanitarno-Epidemiologiczna w Świdnicy|dolnośląskie|świdnicki|Świdnica|Wałbrzyska|15|58-100|74 852 20 91|74 852 20 92|74 852 05 35||psse.swidnica@pis.gov.pl|psseswidnica@psseswidnica.pl|https://www.gov.pl/web/psse-swidnica/|50.0410|21.9991|50.8381794|16.4802558|
Powiatowa Stacja Sanitarno-Epidemiologiczna w Trzebnicy|dolnośląskie|trzebnicki|Trzebnica|Kościuszki|10|55-100|71 312 09 16|783903906|||psse.trzebnica@pis.gov.pl||https://www.gov.pl/web/psse-trzebnica|51.3108|17.0604|51.3105266|17.060049546306814|
Powiatowa Stacja Sanitarno-Epidemiologiczna w Wałbrzychu|dolnośląskie|wałbrzyski|Wałbrzych|Armii Krajowej|35c|58-302|74 84 775 68|74 84 775 69|74 84 766 39||psse.walbrzych@pis.gov.pl||https://gov.pl/web/psse-walbrzych|50.7859|16.2858|50.785835500000005|16.285837400000002|
Powiatowa Stacja Sanitarno-Epidemiologiczna w Wołowie|dolnośląskie|wołowski|Wołów|Józefa Piłsudskiego|36|56-100|71 389 28 56|71 389 26 72|71 389 28 56||psse.wolow@pis.gov.pl||https://www.gov.pl/web/psse-wolow|51.3361|16.6442|51.3361704|16.64351894003498|
Powiatowa Stacja Sanitarno-Epidemiologiczna w Ząbkowicach Śląskich|dolnośląskie|ząbkowicki|Ząbkowice Śląskie|Kłodzka|2|57-200|74 816 67 50||74 816 67 51||psse.zabkowice@pis.gov.pl||http://www.gov.pl/web/psse-zabkowice-slaskie|50.5861|16.8096|50.5860657|16.80976878455916|
Powiatowa Stacja Sanitarno-Epidemiologiczna w Zgorzelcu|dolnośląskie|zgorzelecki|Zgorzelec|Warszawska|11|59-900|75 649 45 26|691770919|75 649 45 29||psse.zgorzelec@pis.gov.pl||www.gov.pl/web/psse-zgorzelec|51.1484|15.0078|51.14846495|15.007867169984841|
Powiatowa Stacja Sanitarno-Epidemiologiczna w Złotoryi|dolnośląskie|złotoryjski|Złotoryja|Staszica|22|59-500|76 878 37 21|76 878 78 31|76 878 34 33||psse.zlotoryja@pis.gov.pl|pssez@home.pl|www.gov.pl/web/psse-zlotoryja/|51.1239|15.9201|51.12398005|15.920142390397865|
Powiatowa Stacja Sanitarno-Epidemiologiczna we Wrocławiu|dolnośląskie|wrocławski|Wrocław|Kleczkowska|20|50-227|71 329 58 43||71 329 18 51||psse.wroclaw@pis.gov.pl||https://www.gov.pl/web/psse-wroclaw/|51.1267|17.0314|51.1267099|17.03128296406911|
Powiatowa Stacja Sanitarno-Epidemiologiczna w Aleksandrowie Kujawskim|kujawsko-pomorskie|aleksandrowski|Aleksandrów Kujawski|Słowackiego|8a|87-700|54 282 42 06||54 282-23-34||psse.aleksandrowkujawski@pis.gov.pl||https://www.gov.pl/web/psse-aleksandrow-kujawski|52.8755|18.6953|52.8746|18.69643|
Powiatowa Stacja Sanitarno-Epidemiologiczna w Brodnicy|kujawsko-pomorskie|brodnicki|Brodnica|Żwirki i Wigury|1|87-300|56 69 749 74||56 69 748 74||psse.brodnica@pis.gov.pl||https://www.gov.pl/web/psse-brodnica|53.2576|19.4064|53.2575901|19.4065077|node/2289996533
Powiatowa Stacja Sanitarno-Epidemiologiczna w Bydgoszczy|kujawsko-pomorskie|bydgoski|Bydgoszcz|Kościuszki|27|85-079|52 515 40 20|728874383|52 584 11 44||psse.bydgoszcz@pis.gov.pl||www.ppis.bydgoszcz.pl|53.1349|18.0102|53.1347382|18.0093325|way/154867618
Powiatowa Stacja Sanitarno-Epidemiologiczna w Chełmnie|kujawsko-pomorskie|chemiński|Chełmno|Łunawska|2a|86-200|56 676 17 00||56 676 15 13||psse.chelmno@pis.gov.pl||https://www.gov.pl/web/psse-chelmno/kontakt2|53.3485|18.4454|53.3485636|18.4454291|way/203212569
Powiatowa Stacja Sanitarno-Epidemiologiczna w Golubiu-Dobrzyniu|kujawsko-pomorskie|golubsko-dobrzyński|Golub-Dobrzyń|Dr J.G. Koppa|1a|87-400|56 683-24-85||56 683 24 42||psse.golubdobrzyn@pis.gov.pl||https://www.gov.pl/web/psse-golub-dobrzyn|53.1091|19.0701|53.1090268|19.0705105|
Powiatowa Stacja Sanitarno-Epidemiologiczna w Grudziądzu|kujawsko-pomorskie|grudziądzki|Grudziądz|Kosynierów Gdyńskich|31|86-300|56 45 178 10||56 45 178 11||psse.grudziadz@pis.gov.pl||http://www.ppis.grudziadz.com/|53.4927|18.754|53.4927230|18.7540748|node/3063712740
Powiatowa Stacja Sanitarno-Epidemiologiczna w Inowrocławiu|kujawsko-pomorskie|inowrocławski|Inowrocław|Plac Klasztorny|1b|88-100|52-357-44-35||52 357 47 10||psse.inowroclaw@pis.gov.pl||https://www.gov.pl/web/psse-inowroclaw|52.7975|18.2587|52.797216649999996|18.258584845586157|
Powiatowa Stacja Sanitarno-Epidemiologiczna w Lipnie|kujawsko-pomorskie|lipnowski|Lipno|Kościuszki|18/20|87-600|54 287 32 24||54 287 32 24||psse.lipno@pis.gov.pl||http://www.psselipno.pl/|52.8433|19.1823|52.8432893|19.1821725|
Powiatowa Stacja Sanitarno-Epidemiologiczna w Mogilnie|kujawsko-pomorskie|mogileński|Mogilno|Kościuszki|4|88-300|52 318 87 60|52 315 23 77|52 318 87 61||psse.mogilno@pis.gov.pl|pssem@data.pl |http://www.psse-mogilno.bip.net.pl/|52.6588|17.9495|52.65878255|17.949469719872923|
Powiatowa Stacja Sanitarno-Epidemiologiczna w Nakle|kujawsko-pomorskie|nakielski|Nakło n.Notecią|Mickiewicza|11|89-100|52 386 00 03||52 386 00 04||psse.naklo@pis.gov.pl||http://www.psse.naklo.pl/|53.1268|17.5937|53.140266049999994|17.595667056593783|
Powiatowa Stacja Sanitarno-Epidemiologiczna w Radziejowie|kujawsko-pomorskie|radziejowski|Radziejów|Kościuszki|20/22|88-200|54 285 36 14|54 285 55 95|54 285 36 14||psse.radziejow@pis.gov.pl||http://www.psseradziejow.pl/|52.6227|18.5267|52.62279025|18.526745356316066|
Powiatowa Stacja Sanitarno-Epidemiologiczna w Rypinie|kujawsko-pomorskie|rypiński|Rypin|Warszawska|38a|87-500|54 280 29 88||54 280 29 89||sekretariat@psserypin.pl|sekretariat@psserypin.pl|http://www.psserypin.pl/|53.0626|19.4108|53.06262|19.41096|
Powiatowa Stacja Sanitarno-Epidemiologiczna w Sępólnie Krajeńskim|kujawsko-pomorskie|sępoleński|Sępólno Krajeńskie|Kościuszki|28|89-400|52 388 12 30||52 388 12 31||psse.sepolnokrajenskie@pis.gov.pl||http://pssesepolnokrajenskie.pl/|53.4588|17.5465|53.458816850000005|17.546467103831436|
Powiatowa Stacja Sanitarno-Epidemiologiczna w Świeciu|kujawsko-pomorskie|świecki|Świecie|Sądowa|5|86-100|52 33 11 253||52 331 12 94||sekretariat@psse-swiecie.pl||http://www.psse-swiecie.pl/|53.4067|18.453|53.40642975|18.45265509857143|
Powiatowa Stacja Sanitarno-Epidemiologiczna w Toruniu|kujawsko-pomorskie|toruński|Toruń|Szosa Bydgoska|1|87-100|56 622 50 29||56 622 22 47||psse.torun@pis.gov.pl||www.torun.psse.gov.pl|53.01|18.5712|53.0092445|18.5712356|node/7389421288
Powiatowa Stacja Sanitarno-Epidemiologiczna w Tucholi|kujawsko-pomorskie|tucholski|Tuchola|Plac Wolności|23|89-500|52 334 20 21||52 334 20 21||psse.tuchola@pis.gov.pl||https://www.gov.pl/web/psse-tuchola|53.5877|17.8598|53.5876159|17.8599812|way/112465449
Powiatowa Stacja Sanitarno-Epidemiologiczna w Wąbrzeźnie|kujawsko-pomorskie|wąbrzeski|Wąbrzeźno|1 Maja|46|87-200|56 688 17 90||56 688 17 55||psse.wabrzezno@pis.gov.pl||https://www.gov.pl/web/psse-wabrzezno|53.2797|18.9539|53.2796729|18.9540536|
Powiatowa Stacja Sanitarno-Epidemiologiczna we Włocławku|kujawsko-pomorskie|włocławski|Włocławek|Kilińskiego|16|87-800|54 411 68 33||54 411 68 40||psse.wloclawek@pis.gov.pl||https://www.gov.pl/web/psse-wloclawek|52.6569|19.0621|52.6568317|19.0622341|node/7394687848
Powiatowa Stacja Sanitarno-Epidemiologiczna w Żninie|kujawsko-pomorskie|żniński|Żnin|Mickiewicza|24|88-400|52 303 11 35||52 303 11 32||psse.znin@pis.gov.pl||http://www.psseznin.pl/|52.8526|17.719|52.85259|17.71904|
Wojewódzka Stacja Sanitarno-Epidemiologiczna w Lublinie|lubelskie||Lublin|Pielęgniarek|6|20-708|81 743 42 72|81 743 42 73|81 743 46 86||wsse.lublin@pis.gov.pl|sekretariat@wsse.lublin.pl|www.gov.pl/web/wsse-lublin|51.24008|22.50832|51.2397654|22.5080161|way/176792408
Powiatowa Stacja Sanitarno-Epidemiologiczna w Białej Podlaskiej|lubelskie|bialski|Biała Podlaska|Warszawska|18|21-500|83 344 41 60|83 344 41 62|83 343 76 39|-|psse.bialapodlaska@pis.gov.pl||www.gov.pl/web/psse-biala-podlaska|52.03156|23.10969|52.0314055|23.1095276|way/257675563
Powiatowa Stacja Sanitarno-Epidemiologiczna w Biłgoraju|lubelskie|biłgorajski|Biłgoraj|Gen. H. Dąbrowskiego|15|23-400|84 686 15 22|84 686 01 20|84 686 01 20||psse.bilgoraj@pis.gov.pl||www.gov.pl/web/psse-bilgoraj|50.53439|22.71697|50.5340887|22.71705311815235|
Powiatowa Stacja Sanitarno-Epidemiologiczna w Chełmie|lubelskie|chełmski|Chełm|Szpitalna|48|22-100|82 565-34-21|82 565 42 21|82 565-30-13||psse.chelm@pis.gov.pl||www.gov.pl/web/psse-chelm|51.15036|23.45743|51.1502215|23.4574937|way/300052245
Powiatowa Stacja Sanitarno Epidemiologiczna w Hrubieszowie|lubelskie|hrubieszowski|Hrubieszów|27 Wołyńskiej Dywizji Piechoty AK|6|22-500|84 696 50 10|84 696 32 00|84 696 50 10||psse.hrubieszow@pis.gov.pl||www.gov.pl/web/psse-hrubieszow|50.80667|23.88923|50.8065837|23.8891416|way/367020314
Powiatowa Stacja Sanitarno-Epidemiologiczna w Janowie Lubelskim|lubelskie|janowski|Janów Lubelski|Wojska Polskiego|28|23-300|158725400|15 872 54 05|158724762||psse.janowlubelski@pis.gov.pl||www.gov.pl/web/psse-janow-lubelski|50.69587|22.42936|50.6965445|22.4277329|node/10313780611
Powiatowa Stacja Sanitarno-Epidemiologiczna w Krasnymstawie|lubelskie|krasnostawski|Krasnystaw|Sikorskiego|3A|22-300|82 57 62 832|82 57 62 833|82 57 62 832|-|psse.krasnystaw@pis.gov.pl||www.gov.pl/web/psse-krasnystaw|50.98169|23.17026|50.9815337|23.1703318|way/361798986
Powiatowa Stacja Sanitarno-Epidemiologiczna w Kraśniku|lubelskie|kraśnicki|Kraśnik|Kościuszki|36|23-200|81 884 36 73||81 884 36 73||psse.krasnik@pis.gov.pl||www.gov.pl/web/psse-krasnik|50.92074|22.21619|50.9206038|22.2162386|way/337542608
Powiatowa Stacja Sanitarno-Epidemiologiczna w Lubartowie|lubelskie|lubartowski|Lubartów|Lubelska|103|21-100|81855 22 07|81 855 24 43|81 855 24 43||psse.lubartow@pis.gov.pl||www.gov.pl/web/psse-lubartow|51.45003|22.61225|51.4500527|22.6124482|way/1081138968
Powiatowa Stacja Sanitarno-Epidemiologiczna w Lublinie|lubelskie|lubelski|Lublin|Uniwrsytecka|12|20-029|81 532 97 05||81 532 47 23||psse.lublin@pis.gov.pl||www.gov.pl/web/psse-lublin|51.24541|22.54667|53.4673017|15.3788421|
Powiatowa Stacja Sanitarno-Epidemiologiczna w Łęcznej|lubelskie|łęczyński|Łęczna|Krasnystawska|52|21-010|81 752 31 67||81 752 31 67||psse.leczna@pis.gov.pl||www.gov.pl/web/psse-leczna|51.29122|22.87839|51.2904454|22.8786949|node/10313727053
Powiatowa Stacja Sanitarno-Epidemiologiczna w Łukowie|lubelskie|łukowski|Łuków|Spółdzielcza|4|21-400|25 798 21 96|25 789 71 78|25 798 71 78||psse.lukow@pis.gov.pl||www.gov.pl/web/psse-lukow|51.92919|22.38007|51.9289879|22.3800702|way/439243691
Powiatowa Stacja Sanitarno-Epidemiologiczna w Opolu Lubelskim|lubelskie|opolski|Opole Lubelskie|Puławska|1|24-300|81 470 84 39|81 827 20 41|81 827 20 41||psse.opolelubelskie@pis.gov.pl||www.gov.pl/web/psse-opole-lubelskie|51.15089|21.97071|51.1506789|21.9706049|way/358717766
Powiatowa Stacja Sanitarno-Epidemiologiczna w Parczewie|lubelskie|parczewski|Parczew|Piwonia|54|21-200|83 354 23 29|83 354 27 34|83 354 13 10||psse.parczew@pis.gov.pl||www.gov.pl/web/psse-parczew|51.64575|22.90847|51.6457000|22.9085500|node/3225006028
Powiatowa Stacja Sanitarno-Epidemiologiczna w Puławach|lubelskie|puławski|Puławy|Aleja Królewska|19|24-100|81 886 48 91||81 886 48 91||psse.pulawy@pis.gov.pl||www.gov.pl/web/psse-pulawy|51.41395|21.96285|51.4135037|21.9632108|node/10313766915
Powiatowa Stacja Sanitarno-Epidemiologiczna w Radzyniu Podlaskim|lubelskie|radzyński|Radzyń Podlaski|Pocztowa|5|21-300|83 352 74 16|83 352 74 17|83 352 74 16||psse.radzynpodlaski@pis.gov.pl||www.gov.pl/web/psse-radzyn-podlaski|51.78445|22.61953|51.7842652|22.6194348|way/365479890
Powiatowa Stacja Sanitarno-Epidemiologiczna w Rykach|lubelskie|rycki|Ryki|Poniatowskiego|2|08-500|81 865 16 37||81 865 16 37||psse.ryki@pis.gov.pl||www.gov.pl/web/psse-ryki|51.62510|21.93512|51.6248548|21.9351766|node/7816057767
Powiatowa Stacja Sanitarno-Epidemiologiczna w Świdniku|lubelskie|świdnicki|Świdnik|Al.Lotników Polskich|1|21-045|81 745 56 10|81 745 56 11|81 468 70 20||psse.swidnik@pis.gov.pl||www.gov.pl/web/psse-swidnik|51.22724|22.69962|51.2271156|22.6995673|node/10313774606
Powiatowa Stacja Sanitarno-Epidemiologiczna w Tomaszowie Lubelskim|lubelskie|tomaszowski|Tomaszów Lubelski|Lwowska|51|22-600|84 664 44 78|84 664 44 79|84 664 23 61||psse.tomaszowlubelski@pis.gov.pl||www.gov.pl/web/psse-tomaszow-lubelski|50.44794|23.41652|50.4476528|23.4166620|way/373351424
Powiatowa Stacja Sanitarno-Epidemiologiczna we Włodawie|lubelskie|włodawski|Włodawa|J.Piłsudskiego|66|22-200|82 572 14 05|82 572 13 10|82 572 14 05||psse.wlodawa@pis.gov.pl||www.gov.pl/web/psse-wlodawa|51.55700|23.55358|51.5582844|23.5533358|node/10315292285
Powiatowa Stacja Sanitarno-Epidemiologiczna w Zamościu|lubelskie|zamojski|Zamość|Peowiaków|96|22-400|84 639 36 91|84 627 10 59|84 627 10 59||psse.zamosc@pis.gov.pl||www.gov.pl/web/psse-zamosc|50.71619|23.26108|50.7161617|23.2605827|way/166878229
Graniczna Stacja Sanitarno-Epidemiologiczna w Dorohusku|lubelskie|chełmski|Dorohusk|||22-175|82 566 17 14||82 566 17 14||gsse.dorohusk@pis.gov.pl||www.gssedorohusk.pis.gov.pl|51.1836|23.80603|51.1805321|23.8023127|node/10313789464
Graniczna Stacja Sanitarno-Epidemiologiczna w Hrebennem|lubelskie|tomaszowski|Lubycza Królewska|||22-680|84 539 61 20||84 667 41 33||gsse.hrebenne@pis.gov.pl||www.gov.pl/web/gsse-hrebenne|50.2775|23.5890|50.2775410|23.5890475|node/10313780612
Graniczna Stacja Sanitarno-Epidemiologiczna w Koroszczynie|lubelskie|bialski|Terespol|-||21-550|83 375 30 56|83 376 30 26|83 375 30 26|83 376 30 26|gsse.koroszczyn@pis.gov.pl||www.gssekoroszczyn.pis.gov.pl|52.0758|23.5139|52.0758000|23.5139000|node/10313775975
Wojewódzka Stacja Sanitarno-Epidemiologiczna w Gorzowie Wlkp.|lubuskie||Gorzów Wlkp.|Jagiellończyka|8b|66-400|957226057||957224652||wsse@wsse.gorzow.pl||https://www.gov.pl/web/wsse-gorzowwlkp|52.7398|15.2303|52.7397708|15.2303275|
Powiatowa Stacja Sanitarno-Epidemiologiczna w Drezdenku|lubuskie|strzelecko-drezdenecki|Drezdenko|Chrobrego|11|66-530|957620520||957620899||pssedrezdenko@wsse.gorzow.pl||https://www.gov.pl/web/psse-drezdenko|52.8393|15.8359|52.8393836|15.8358842|way/250058247
Powiatowa Stacja Sanitarno-Epidemiologiczna w Gorzowie Wlkp.|lubuskie|gorzowski|Gorzów Wlkp.|Kosynierów Gdyńskich|27|66-400|957228986||957206447||pssegorzow@wsse.gorzow.pl||https://www.gov.pl/web/psse-gorzow-wielkopolski|52.7368|15.2291|52.73692205|15.229160740369423|
Powiatowa Stacja Sanitarno-Epidemiologiczna w Krośnie Odrzańskim|lubuskie|krosnieński|Krosno Odrz.|Nadodrzańska|24|66-600|683835370||683835370||pssekrosno@wsse.gorzow.pl||https://www.gov.pl/web/psse-krosno-odrzanskie|52.0518|15.0885|52.0518508|15.088523098841183|
Powiatowa Stacja Sanitarno-Epidemiologiczna w Międzyrzeczu|lubuskie|międzyrzecki|Międzyrzecz|Osiedle Centrum|16|66-300|957412227||957412787||pssemiedzyrzecz@wsse.gorzow.pl||https://www.gov.pl/web/psse-miedzyrzecz|52.4429|15.5812|52.4428798|15.581378220075129|
Powiatowa Stacja Sanitarno-Epidemiologiczna w Nowej Soli|lubuskie|nowosolski|Nowa Sól|Wojska Polskiego|11|67-100|683872461||683874738||pssenowasol@wsse.gorzow.pl||https://www.gov.pl/web/psse-nowa-sol|51.8027|15.7149|51.8028238|15.7149668|node/6522150709
Powiatowa Stacja Sanitarno-Epidemiologiczna w Słubicach|lubuskie|słubicki|Słubice|Mickiewicza|6|69-100|957582003||957582004||psseslubice@wsse.gorzow.pl||https://www.gov.pl/web/psse-slubice|52.3499|14.5575|52.349962000000005|14.557514161003372|
Powiatowa Stacja Sanitarno-Epidemiologiczna w Sulęcinie|lubuskie|sulęciński|Sulęcin|Lipowa|14 b|69-200|957553421||957553421||pssesulecin@wsse.gorzow.pl||https://www.gov.pl/web/psse-sulecin|52.4496|15.1169|52.4495313|15.116925236230877|
Powiatowa Stacja Sanitarno-Epidemiologiczna w Świebodzinie|lubuskie|świebodziński|Świebodzin|30 Stycznia|5|66-200|683820747||683822321||psseswiebodzin@wsse.gorzow.pl||https://www.gov.pl/web/psse-swiebodzin|52.2492|15.5319|52.2491996|15.5319430|node/6522150744
Powiatowa Stacja Sanitarno-Epidemiologiczna w Zielonej Górze|lubuskie|zielonogórski|Zielona Góra|Jasna|10|65-470|683254671||683514796||pssezielonagora@wsse.gorzow .pl||https://www.gov.pl/web/psse-zielona-gora|51.9299|15.5029|51.9298182|15.5028537|node/6522150743
Powiatowa Stacja Sanitarno-Epidemiologiczna w Żaganiu|lubuskie|żagański|Żagań|Szprotawska|45a|68-100|684776600||684776600||pssezagan@wsse.gorzow.pl||https://www.gov.pl/web/psse-zagan|51.6124|15.3306|51.6123782|15.3306796|
Powiatowa Stacja Sanitarno-Epidemiologiczna w Żarach|lubuskie|żarski|Żary|Podchorążych|23A|68-200|684706258||684706259||pssezary@wsse.gorzow.pl||https://www.gov.pl/web/psse-zary|51.6401|15.1359|51.640071|15.1359346|
Wojewódzka Stacja Sanitarno-Epidemiologiczna w Łodzi|łódzkie||Łódź|Wodna|40|90-046|42 253-62-10|42 253-62-00|42 253-62-19||wsselodz@pis.lodz.pl|sekretariat@pis.lodz.pl|www.gov.pl/web/wsse-lodz|51.7616|19. 4768|51.761693199999996|19.476822217088035|
Powiatowa Stacja Sanitarno-Epidemiologiczna w Bełchatowie|łódzkie|bełchatowski|Bełchatów|Okrzei|49|97-400|44 631-31-08|44 631-31-18|44 631-32-84||belchatow@pis.lodz.pl||www.gov.pl/web/psse-belchatow|51.3605|19.3768|51.3603625|19.376674359047577|
Powiatowa Stacja Sanitarno-Epidemiologiczna w Brzezinach|łódzkie|brzeziński|Brzeziny|Reformacka|3|95-060|46 874-33-30|46 874-31-60|46 874-33-30||psse.brzeziny@pis.gov.pl||www.gov.pl/web/psse-brzeziny|51.7987|19.7540|51.7987337|19.7542542|way/176543396
Powiatowa Stacja Sanitarno-Epidemiologiczna w Kutnie|łódzkie|kutnowski|Kutno|Kościuszki|14|99-300|24 355-71-00|24 355-71-02|24 355-71-01||psse.kutno@pis.gov.pl||www.gov.pl/web/psse-kutno|52.2327|19.3644|52.2327153|19.3643922|way/300354971
Powiatowa Stacja Sanitarno-Epidemiologiczna w Łasku|łódzkie|łaski|Łask|Warszawska|38|98-100|43 675-23-15|43 675-22-94|43 676-34-16||psse.lask@pis.gov.pl|lask@pis.lodz.pl|www.gov.pl/web/psse-lask|51. 5901|19.1471|51.5901083|19.1471205|way/449027980
Powiatowa Stacja Sanitarno-Epidemiologiczna w Łęczycy|łódzkie|łęczycki|Łęczyca|Mickiewicza|18|99-100|24 721-21-88||24 721-88-09||leczyca@pis.lodz.pl||www.gov.pl/web/psse-leczyca|52.0487|19.2151|52.04855|19.21513|
Powiatowa Stacja Sanitarno-Epidemiologiczna w Łowiczu|łódzkie|łowicki|Łowicz|Podrzeczna|24|99-400|46 837-64-94|46 837-35-00|46 830-32-61||psse.lowicz@pis.gov.pl||www.gov.pl/web/psse-lowicz|52.1080|19.9374|52.10800965|19.93759479682349|
Powiatowa Stacja Sanitarno-Epidemiologiczna w Łodzi|łódzkie|łódzki|Łódź|Przybyszewskiego|10|93-189|42 253-99-02|42 253-99-00|42 253-99-01||psse@psselodz.pl||www.gov.pl/web/psse-lodz|51.7436|19.4657|51.7438149|19.4656342|
Powiatowa Stacja Sanitarno-Epidemiologiczna w Opocznie|łódzkie|opoczyński|Opoczno|Pl. Kościuszki|9|26-300|44 755-23-29||44 755-23-29||psse.opoczno@pis.gov.pl|opoczno@pis.lodz.pl|www.gov.pl/web/psse-opoczno|51.3763|20.2884|51.37644615|20.288450854755023|
Powiatowa Stacja Sanitarno-Epidemiologiczna w Pabianicach|łódzkie|pabianicki|Pabianice|Kilińskiego||95-200|42 215-27-76|42 291-96-32|42 215-27-76||pabianice@pis.lodz.pl||www.gov.pl/web/psse-pabianice|51.6600|19.3551|51.6599296|19.3544769|
Powiatowa Stacja Sanitarno-Epidemiologiczna w Pajęcznie|łódzkie|pajęczański|Pajęczno|Żeromskiego|7|98-330|34 311-34-95|34 311-10-31|34 311-39-27||pajeczno@pis.lodz.pl||www.gov.pl/web/psse-pajeczno|51.1502|18.9886|51.1502146|18.9886578|way/351807362
Powiatowa Stacja Sanitarno-Epidemiologiczna w Piotrkowie Trybunalskim|łódzkie|piotrkowski|Piotrków Trybunalski|Al. 3-go Maja|8|97-300|44 649-50-63|44 647-64-98|44 647-76-26||psse.piotrkowtryb@pis.gov.pl||www.gov.pl/web/psse-piotrkow-trybunalski|51.4052|19.6929|51.4161576|19.6580677|
Powiatowa Stacja Sanitarno-Epidemiologiczna w Poddębicach|łódzkie|poddębicki|Poddębice|Mickiewicza|16|99-200|43 678-86-00|43 678-86-01|43 678-86-01||poddebice@pis.lodz.pl||www.gov.pl/web/psse-poddebice|51.8890|18.9531|51.888800700000004|18.95433509258674|
Powiatowa Stacja Sanitarno-Epidemiologiczna w Radomsku|łódzkie|radomszczański|Radomsko|Al. Jana Pawła II|9|97-500|44 685-23-50||44 683-54-36||psse.radomsko@pis.gov.pl||www.gov.pl/web/psse-radomsko|51.0692|19.4412|51.06927775|19.441224565749774|
Powiatowa Stacja Sanitarno-Epidemiologiczna w Rawie Mazowieckiej|łódzkie|rawski|Rawa Mazowiecka|Łowicka|15|96-200|46 814-34-95|46 814-48-62|46 814-34-95||psse.rawamaz@pis.gov.pl|www.pis.lodz.pl/rawa|www.gov.pl/web/psse-rawa-mazowiecka|51.7677|20.2503|51.7676005|20.250293784318423|
Powiatowa Stacja Sanitarno-Epidemiologiczna w Sieradzu|łódzkie|sieradzki|Sieradz|Polskiej Organizacji Wojskowej|52|98-200|43 822-36-85||43 822-41-23||sieradz@pis.lodz.pl||www.gov.pl/web/psse-sieradz|51.5970|18.7209|51.59728095|18.72136072216224|
Powiatowa Stacja Sanitarno-Epidemiologiczna w Skierniewicach|łódzkie|skierniewicki|Skierniewice|Piłsudskiego|33|96-100|46 833-30-21|46 833-46-00|46 833-30-21||psse.skierniewice@pis.gov.pl||www.gov.pl/web/psse-skierniewice|51.9568|20.1337|51.95665875|20.13359613598698|
Powiatowa Stacja Sanitarno-Epidemiologiczna w Tomaszowie Mazowieckim|łódzkie|tomaszowski|Tomaszów Mazowiecki|Majowa||97-200|44 724-49-35|44 724-45-84|44 724-51-17||tomaszow@pis.lodz.pl||www.gov.pl/web/psse-tomaszow-mazowiecki|51.5314|20.0219|51.5313355|20.0219596|node/10542083986
Powiatowa Stacja Sanitarno-Epidemiologiczna w Wieluniu|łódzkie|wieluński|Wieluń|POW|14|98-300|43 843-40-70|43 843-39-21|43 843-40-35||wielun@pis.lodz.pl||www.pssewielun.pl|51.2187|18.5807|51.5282935|22.3514199|
Powiatowa Stacja Sanitarno-Epidemiologiczna w Wieruszowie|łódzkie|wieruszowski|Wieruszów|Warszawska|75|98-400|62 783-19-90||62 783-19-90||wieruszow@pis.lodz.pl||www.gov.pl/web/psse-wieruszow|51.2946|18.1608|51.2951978|18.1608001|node/10544449061
Powiatowa Stacja Sanitarno-Epidemiologiczna w Zduńskiej Woli|łódzkie|zduńskowolski|Zduńska Wola|Łaska|13|98-220|43 823-21-99|43 823-41-40|43 823-41-96|43 823-99-37|psse.zdunskawola@pis.gov.pl|zdunskawola@pis.lodz.pl|www.gov.pl/web/psse-zdunska-wola|51.6009|18.9365|51.6009632|18.9365953|
Powiatowa Stacja Sanitarno-Epidemiologiczna w Zgierzu|łódzkie|zgierski|Zgierz|A. Struga|23|95-100|42 291-96-17|42 291-96-14|||zgierz@pis.lodz.pl||www.gov.pl/web/psse-zgierz|51.8491|19.3984|51.848939099999996|19.398502793161914|
Wojewódzka Stacja Sanitarno-Epidemiologiczna w Krakowie|małopolskie||Kraków|ul. Prądnicka|76|31-202|12 25 49 555||12 416 20 93||wsse@wsse.krakow.pl||https://www.gov.pl/web/wsse-krakow|50.0872|19.9381|50.0872635|19.9379218|way/180955726
Powiatowa Stacja Sanitarno-Epidemiologiczna w Bochni|małopolskie|bocheński|Bochnia|ul. Konstytucji 3 Maja|5|32-700|14 612 32 34|14 612 39 47|14 612 39 47|14 612 32 34|bochnia@psse.malopolska.pl||https://www.gov.pl/web/psse-bochnia|49.973|20.4278|51.4008984|21.152417|
Powiatowa Stacja Sanitarno-Epidemiologiczna w Brzesku|małopolskie|brzeski|Brzesko|ul. Okocimska|44|32-800|14 663 07 43||14 686 33 10||brzesko@psse.malopolska.pl||https://www.gov.pl/web/psse-brzesko|49.9572|20.604|49.9571479|20.6038685|
Powiatowa Stacja Sanitarno-Epidemiologiczna w Dąbrowie Tarnowskiej|małopolskie|dąbrowski|Dąbrowa Tarnowska|ul. Piłsudskiego|14|33-200|14 642 25 71|14 642 23 96|14 642 25 71||dabrowatarnowska@psse.malopolska.pl||https://www.gov.pl/web/psse-dabrowa-tarnowska|50.1736|20.9838|50.17358045|20.983749408632384|
Powiatowa Stacja Sanitarno-Epidemiologiczna w Gorlicach|małopolskie|gorlicki|Gorlice|ul. Michalusa|1|38-320|18 353 73 43||18 353 65 51||gorlice@psse.malopolska.pl||https://www.gov.pl/web/psse-gorlice|49.6711|21.1731|49.6695775|21.1721104|
Powiatowa Stacja Sanitarno-Epidemiologiczna w Krakowie|małopolskie|Kraków|Kraków|ul. Makuszyńskiego|9|31-752|12 644 99-64|12 644 39 99|12 684 39 99||psse@pssekrakow.pl||https://www.gov.pl/web/psse-krakow|50.0883|20.0467|50.088409|20.04650810095925|
Powiatowa Stacja Sanitarno-Epidemiologiczna w Limanowej|małopolskie|limanowski|Limanowa|ul. Matki Boskiej Bolesnej|16B|34-600|18 337 21 01||18 337 24 38||limanowa@psse.malopolska.pl||https://www.gov.pl/web/psse-limanowa|49.7059|20.4245|49.7058875|20.4245247|
Powiatowa Stacja Sanitarno-Epidemiologiczna w Miechowie|małopolskie|miechowski|Miechów|ul. Konopnickiej|6|32-200|41 389 04 50||41 383 11 59||miechow@psse.malopolska.pl||https://www.gov.pl/web/psse-miechow|50.3585|20.0366|50.3582252|20.0366522|way/357273773
Powiatowa Stacja Sanitarno-Epidemiologiczna w Myślenicach|małopolskie|myślenicki|Myślenice|ul. Słowackiego|106|32-400|12 272 06 06||12 272 08 85||myslenice@psse.malopolska.pl|psse.myslenice@pis.gov.pl|https://www.gov.pl/web/psse-myslenice|49.8371|19.9601|49.835542|19.9585346|
Powiatowa Stacja Sanitarno-Epidemiologiczna w Nowym Targu|małopolskie|nowotarski|Nowy Targ|ul. Jana Kazimierza|6|34-400|18 266 29 14|18 266 31 65|18 266 97 77||nowytarg@psse.malopolska.pl||https://www.gov.pl/web/psse-nowy-targ|49.4833|20.0327|49.4833372|20.03272704436253|
Powiatowa Stacja Sanitarno-Epidemiologiczna w Nowym Sączu|małoposklie|Miasto Nowy Sącz/ nowosądecki|Nowy Sącz|ul. Stefana Czarnieckiego|19|33-300|18 443 54 64||18 443 57 32||nowysacz@psse.malopolska.pl||https://www.gov.pl/web/psse-nowy-sacz|49.6226|20.6902|49.6226094|20.6903368|
Powiatowa Stacja Sanitarno-Epidemiologiczna w Olkuszu|małopolskie|olkuski|Olkusz|AL. 1000 lecia|13 a|32-300|32 754 57 20||32 754 57 50||psse.olkusz@pis.gov.pl|olkusz@psse.malopolska.pl|https://www.gov.pl/web/psse-olkusz|50.2693|19.5693|50.2681696|19.5707082|node/3029757321
Powiatowa Stacja Sanitarno-Epidemiologiczna w Oświęcimiu|małopolskie|oświęcimski|Oświęcim|ul. Więźniów Oświęcimia|10|32-600|33 843 09 28||33 843 28 29||oswiecim@psse.malopolska.pl||https://www.gov.pl/web/psse-oswiecim|50.0347|19.2007|50.0346673|19.2007186|
Powiatowa Stacja Sanitarno-Epidemiologiczna w Proszowicach|małopolskie|proszowicki|Proszowice|ul. Adama Grzymały-Siedleckiego|2|32-100|12 386 34 11||12 386 00 15||proszowice@psse.malopolska.pl||https://www.gov.pl/web/psse-proszowice|50.1940|20.2907|50.1938813|20.2906303|
Powiatowa Stacja Sanitarno-Epidemiologiczna w Suchej Beskidzkiej|małopolskie|suski|Sucha Beskidzka|ul. Marii Konopnickiej|7|34-200|33 874 22 34||33 877 05 71||suchabeskidzka@psse.malopolska.pl||https://www.gov.pl/web/psse-sucha-beskidzka|49.7414|19.5991|49.74131585|19.598825523901418|
Powiatowa Stacja Sanitarno-Epidemiologiczna w Tarnowie|małopolskie|tarnowski/Miasto Tarnów|Tarnów|ul. Mościckiego|10|33-100|14 621 70 97|14 621 70 98|14 621 75 43||tarnow@psse.malopolska.pl||https://www.gov.pl/web/psse-tarnow|50.0114|20.9811|50.0113|20.9824066|
Powiatowa Stacja Sanitarno-Epidemiologiczna w Wadowicach|małopolskie|wadowicki|Wadowice|ul. Teatralna|2|34-100|33 823 37 66||33 823 35 11||psse.wadowice@pis.gov.pl||https://www.gov.pl/web/psse-wadowice|49.8858|19.4932|49.8855688|19.4936765|way/289514896
Powiatowa Stacja Sanitarno-Epidemiologiczna w Wieliczce|małopolskie|wielicki|Wieliczka|ul. Henryka Sienkiewiicza|13|32-020|12 288 01 38|12 288 01 39|12 289 05 00||wieliczka@psse.malopolska.pl||https://www.gov.pl/web/psse-wieliczka|49.9793|20.0501|49.98542835|20.064134828556007|
Powiatowa Stacja Sanitarno-Epidemiologiczna w Zakopanem|małopolskie|tatrzański|Zakopane|ul. Chramcówki|19a|34-500|18 206 86 97||18 206 84 10||zakopane@psse.malopolska.pl||https://www.gov.pl/web/psse-zakopane|49.3033|19.961|49.3033182|19.9609705|way/348785815
Wojewódzka Stacja Sanitarno-Epidemiologiczna w Warszawie|mazowieckie|m.st. Warszawa|Warszawa|Żelazna|79|00-875|22 620 90 01||||sekretariat@wsse.waw.pl||www.gov.pl/web/wsse-warszawa|52.2379|20.9883|52.23753065|20.98813054257416|
Powiatowa Stacja Sanitarno-Epidemiologiczna w Białobrzegach|mazowieckie|białobrzeski|Białobrzegi|Krakowska|28|26-800|48 613 23 60|48 613 29 53|48 613 23 60||bialobrzegi@psse.waw.pl||www.gov.pl/web/psse-bialobrzegi|51.6495|20.9542|51.6493759|20.9541642|
Powiatowa Stacja Sanitarno-Epidemiologiczna w Ciechanowie|mazowieckie|ciechanowski|Ciechanów|Henryka Sienkiewicza|27|06-400|23 672 33 13|23 672 41 63|23 672 41 44||ciechanow@psse.waw.pl||www.ciechanow.psse.waw.pl|52.8787|20.6020|52.8786053|20.6017600|node/3208352974
Powiatowa Stacja Sanitarno-Epidemiologiczna w Garwolinie|mazowieckie|garwoliński|Garwolin|ks. kard. Stefana Wyszyńskiego|13|08-400|25 684 35 95|25 684 33 08|||psse.garwolin@pis.gov.pl|garwolin@psse.waw.pl|www.gov.pl/web/psse-garwolin|51.8924|21.6080|51.9550074|21.528277927364435|
Powiatowa Stacja Sanitarno-Epidemiologiczna w Gostyninie|mazowieckie|gostyniński|Gostynin|Bierzewicka|67|09-500|24 235 22 04||24 235 22 56||gostynin@psse.waw.pl||www.gov.pl/web/psse-gostynin|52.44724|19.4674|52.44727|19.4672665|
Powiatowa Stacja Sanitarno-Epidemiologiczna w Grodzisku Mazowieckim|mazowieckie|grodziski|Grodzisk Mazowiecki|Żwirki i Wigury|10|05-825|22 755 57 76|22 755 59 51|||grodzisk@psse.waw.pl||www.grodzisk.psse.waw.pl|52.10672|20.61803|52.1067875|20.6180442|way/311527664
Powiatowa Stacja Sanitarno-Epidemiologiczna w Grójcu|mazowieckie|grójecki|Grójec|Mogielnicka|67|05-600|48 664 22 58|48 664 35 04|48 664 35 27||grojec@psse.waw.pl||www.grojec.psse.waw.pl|51.8610|20.8561|51.860959|20.85618305|
Powiatowa Stacja Sanitarno-Epidemiologiczna w Kozienicach|mazowieckie|kozienicki|Kozienice|Sławna|27|26-900|48 611 04 20||48 614 24 43||kozienice@psse.waw.pl||www.gov.pl/web/psse-kozienice|51.5864|21.5469|51.58642135|21.546887573735955|
Powiatowa Stacja Sanitarno-Epidemiologiczna w Legionowie|mazowieckie|legionowski|Legionowo|gen. Władysława Sikorskiego|11|05-119|22 774 15 76||22 774 02 52||legionowo@psse.waw.pl||www.legionowo.psse.waw.pl|52.4218|20.9390|52.42263|20.93942|
Powiatowa Stacja Sanitarno-Epidemiologiczna w Lipsku|mazowieckie|lipski|Lipsko|Iłżecka|6|27-300|48 378 00 87|48 378 02 44|||lipsko@psse.waw.pl||www.lipsko.psse.waw.pl|51.1594|21.6474|51.1596115|21.6478681|
Powiatowa Stacja Sanitarno-Epidemiologiczna w Łosicach|mazowieckie|łosicki|Łosice|Jana Kilińskiego|2|08-200|83 357 36 60|83 357 36 28|83 357 36 28||losice@psse.waw.pl||www.losice.psse.waw.pl|52.1245|22.4335|52.212551250000004|22.717646961886857|
Powiatowa Stacja Sanitarno-Epidemiologiczna w Makowie Maz.|mazowieckie|makowski|Maków Mazowiecki|Adama Mickiewicza|31|06-200|29 717 13 00|29 717 12 44|29 717 13 00|29 717 12 44|makow@psse.waw.pl||/www.gov.pl/web/psse-makow-mazowiecki|52.8646|21.094|52.8645741|21.0940786|node/10544444922
Powiatowa Stacja Sanitarno-Epidemiologiczna w Mińsku Mazowieckim|mazowieckie|miński|Mińsk Mazowiecki|plac Jana Kilińskiego|10|05-300|25 758 22 32|25 758 63 78|25 758 22 32|25 758 63 78|minsk@psse.waw.pl||www.minsk.psse.waw.pl|52.1799|21.5669|52.17979405|21.5664796|
Powiatowa Stacja Sanitarno-Epidemiologiczna w Nowym Dworze Mazowieckim|mazowieckie|nowodworski|Nowy Dwór Mazowiecki|Chemików|6|05-100|22 775 34 61|||22 775 34 61|nowydwor@psse.waw.pl||www.nowydwor.psse.waw.pl|52.4297|20.7255|52.4298097|20.72603701854584|
Powiatowa Stacja Sanitarno-Epidemiologiczna w Mławie|mazowieckie|mławski|Mława|plac 1 Maja|6|06-500|23 654 35 73|23 654 33 36|23 654 35 73|23 654 33 36|mlawa@psse.waw.pl||www.mlawa.psse.waw.pl|53.1115|20.3850|53.1116452|20.3849715|way/301268298
Powiatowa Stacja Sanitarno-Epidemiologiczna w Ostrołece|mazowieckie|m. Ostrołęka i pow. ostrołęcki|Ostrołęka|Targowa|4|07-410|29 769 14 73|29 769 12 95|29 760 50 51||ostroleka@psse.waw.pl||https://www.gov.pl/web/psse-ostroleka|53.0843|21.5900|53.08417085|21.589940477354286|
Powiatowa Stacja Sanitarno-Epidemiologiczna w Ostrowi Maz.|mazowieckie|ostrowski|Ostrów Mazowiecka|gen. Władysława Sikorskiego|3|07-300|29 644 06 80|26 646 52 31|29 745 34 50||ostrow@psse.waw.pl||https://www.gov.pl/web/psse-ostrow-mazowiecka|52.8033|21.8905|52.803322800000004|21.890488137435852|
Powiatowa Stacja Sanitarno-Epidemiologiczna w Otwocku|mazowieckie|otwocki|Otwock|Kilińskiego|1|05-400|22 779 48 33|22 779 26 63|22 779 48 33||otwock@psse.waw.pl||www.otwock.psse.waw.pl|52.1084|21.2765|52.1085393|21.2770078|way/556552821
Powiatowa Stacja Sanitarno-Epidemiologiczna w Piasecznie z/s w Chylicach|mazowieckie|piaseczyński|Chylice|Dworska|7|05-510|22 756 43 33|22 737 09 29|22 756 46 20||piaseczno@psse.waw.pl||www.piaseczno.psse.waw.pl|52.0805|21.0672|52.0804917|21.0672474|way/438894300
Powiatowa Stacja Sanitarno-Epidemiologiczna w Płocku|mazowieckie|m. Płock i pow. płocki|Płock|Kolegialna|20|09-402|24 367 26 01||24 264 75 09||psse.plock@pis.gov.pl|plock@psse.waw.pl|www.gov.pl/web/psse-plock|52.5422|19.6959|52.542252250000004|19.695592529660082|
Powiatowa Stacja Sanitarno-Epidemiologiczna w Płońsku|mazowieckie|płoński|Płońsk|Sienkiewicza|7a|09-100|23 662 28 39||23 662 28 39||plonsk@psse.waw.pl||www.plonsk.psse.waw.pl|52.6291|20.3749|52.6297414|20.3755811|node/9344092070
Powiatowa Stacja Sanitarno-Epidemiologiczna w Pruszkowie|mazowieckie|pruszkowski|Pruszków|Armii Krajowej||05-800|22 758 75 26|22 759 88 28|||pruszkow@psse.waw.pl|pruszkow@psse.pruszkow.pl|www.pruszkow.psse.waw.pl|52.1601|20.8189|52.161374|20.808127|
Powiatowa Stacja Sanitarno-Epidemiologiczna w Przasnyszu|mazowieckie|przasnyski|Przasnysz|Gołymińska|13|06-300|29 752 25 04|29 752 25 05|29 752 25 04||przasnysz@psse.waw.pl||www.gov.pl/web/psse-przasnysz|53.0103|20.8848|53.00990425|20.884736416719612|
Powiatowa Stacja Sanitarno-Epidemiologiczna w Przysusze|mazowieckie|przysuski|Przysucha|Szkolna|7|26-400|48 675 24 22|48 675 23 37|48 675 23 37||przysucha@psse.waw.pl||www.przysucha.psse.waw.pl|51.3613|20.6336|51.36143305|20.633475471184894|
Powiatowa Stacja Sanitarno-Epidemiologiczna w Pułtusku|mazowieckie|pułtuski|Pułtusk|3 Maja|20|06-100|23 692 50 71|-|23 692 61 66||pultusk@psse.waw.pl|psse.pultusk@pis.gov.pl|https://www.gov.pl/web/psse-pultusk|52.7076|21.0823|52.7079214|21.0845115|node/10544469270
Powiatowa Stacja Sanitarno-Epidemiologiczna w Radomiu|mazowieckie|m. Radom i pow. radomski|Radom|gen. Leopolda Okulickiego|9D|26-601|48 345 15 89|48 345 15 94|48 333 20 23|48 330 90 32|radom@psse.waw.pl||www.radom.psse.waw.pl|51.4033|21.1383|51.4040042|21.1374987|
Powiatowa Stacja Sanitarno-Epidemiologiczna w Siedlcach|mazowieckie|m. Siedlce i pow. siedlecki|Siedlce|Poniatowskiego|31|08-110| 25 644 20 40||25 632 61 37| 25 633 98 92|siedlce@psse.waw.pl||www.siedlce.psse.waw.pl|52.1761|22.2885|52.17618865|22.288515344567163|
Powiatowa Stacja Sanitarno-Epidemiologiczna w Sierpcu|mazowieckie|sierpecki|Sierpc|Piastowska|24a|09-200|24 275 26 01|24 275 26 01|24 275 26 01||sierpc@psse.waw.pl||www.sierpc.psse.waw.pl|52.8527|19.6662|52.852659700000004|19.66616482628563|
Powiatowa Stacja Sanitarno-Epidemiologiczna w Sochaczewie|mazowieckie|sochaczewski|Sochaczew|Traugutta|18|96-500|46 862 22 66|46 862 31 47|46 862 22 66|46 862 31 47|sochaczew@psse.waw.pl||www.sochaczew.psse.waw.pl|52.2269|20.2371|52.2269868|20.2372875|way/423654052
Powiatowa Stacja Sanitarno-Epidemiologiczna w Sokołowie Podlaskim|mazowieckie|sokołowski|Sokołów Podlaski|Oleksiaka Wichury|3|08-300|25 506 50 10||25 506 50 20||sokolow@psse.waw.pl||www.sokolow.psse.waw.pl|52.4113|22.2185|52.4110314|22.217102438465545|
Powiatowa Stacja Sanitarno-Epidemiologiczna w Szydłowcu|mazowieckie|szydłowiecki|Szydłowiec|Metalowa|7|26-500|48 617 12 19||48 617 12 19||szydlowiec@psse.waw.pl||www.gov.pl/web/psse-szydlowiec|51.2355|20.8665|51.2355272|20.8665628|node/7595781965
Powiatowa Stacja Sanitarno-Epidemiologiczna w m.st. Warszawie|mazowieckie|m.st. Warszawa|Warszawa|Jana Kochanowskiego|21|01-864|22 310 79 00|22 310 79 77|||kancelaria@pssewawa.pl||www.gov.pl/web/psse-warszawa|52.2673|20.9497|52.26714835|20.94954550747496|
Powiatowa Stacja Sanitarno-Epidemiologiczna w Powiecie Warszawskim Zachodnim|mazowieckie|warszawski zachodni|Ożarów Mazowiecki|Poznańska|129/133|05-850|22 733 73 33||||ozarow@psse.waw.pl||www.ozarow.psse.waw.pl|52.2075|20.8163|52.2101181|20.8194002|
Powiatowa Stacja Sanitarno-Epidemiologiczna w Węgrowie|mazowieckie|węgrowski|Węgrów|kard. Stefana Wyszyńskiego|3|07-100|25 792 42 27|25 792 42 51|25 792 53 81||wegrow@psse.waw.pl||www.wegrow.psse.waw.pl|52.3962|22.0188|52.3962464|22.0186764|
Powiatowa Stacja Sanitarno-Epidemiologiczna w Wołominie|mazowieckie|wołomiński|Wołomin|Legionów|78|05-200|22 776 38 33|22 776 21 92|22 776 38 33||wolomin@psse.waw.pl|sekretariat@psse.waw.pl|www.wolomin.psse.waw.pl|52.3388|21.2418|52.3387827|21.2417077|way/363606345
Powiatowa Stacja Sanitarno-Epidemiologiczna w Wyszkowie|mazowieckie|wyszkowski|Wyszków|Ignacego Daszyńskiego|28|07-200|29 742 32 54|29 742 32 45|||wyszkow@psse.waw.pl||www.wyszkow.psse.waw.pl|52.5941|21.4579|52.59411995|21.45800550163719|
Powiatowa Stacja Sanitarno-Epidemiologiczna w Zwoleniu|mazowieckie|zwoleński|Zwoleń|Bogusza|37|26-700|48 676 23 12|48 676 47 12|48 676 23 12||zwolen@psse.waw.pl||www.zwolen.psse.waw.pl|51.3587|21.5771|51.358617249999995|21.576949451942276|
Powiatowa Stacja Sanitarno-Epidemiologiczna w Żurominie|mazowieckie|żuromiński|Żuromin|Przemysłowa|10|09-300|23 657 22 17|23 657 38 88|23 657 22 17|23 657 38 88|zuromin@psse.waw.pl|-|www.zuromin.psse.waw.pl|53.0719|19.8978|53.0719023|19.897768533454208|
Powiatowa Stacja Sanitarno-Epidemiologiczna w Żyrardowie|mazowieckie|żyrardowski|Żyrardów|Moniuszki|40|96-300|46 855 38 13|46 855 32 42|46 855 38 13|46 855 32 42|zyrardow@psse.waw.pl||https://www.gov.pl/web/psse-zyrardow|52.0574|20.4505|52.0572385|20.4503683|way/359652313
Wojewódzka Stacja Sanitarno-Epidemiologiczna w Opolu|opolskie||Opole|Mickiewicza|1|45-367|77-44-26-901||77-44-26-904||wsse.opole@pis.gov.pl||www.wsseopole.pis.gov.pl|50.6662|17.9385|50.6663057|17.9385892|node/3445365648
Powiatowa Stacja Sanitarno-Epidemiologiczna w Opolu|opolskie|opolski|Opole|Krakowska|51|45-018|77-44-28-500||77-44-28-505||psse.opole@pis.gov.pl||www.psseopole.pis.gov.pl|50.6643|17.9255|50.66431365|17.92549531879891|
Powiatowa Stacja Sanitarno-Epidemiologiczna w Brzegu|opolskie|brzeski|Brzeg|Armii Krajowej|22|49-300|77-44-41-850||77-44-41-840||sekretariat@pssebrzeg.pol.pl||www.pssebrzeg.pol.pl|50.8573|17.4635|50.857560500000005|17.463592973862752|
Powiatowa Stacja Sanitarno-Epidemiologiczna w Głubczycach|opolskie|głubczycki|Głubczyce|Grunwaldzka|1b|48-100|77-47-10-717||77-47-10-718||psse.glubczyce@pis.gov.pl||www.psseglubczyce.pis.gov.pl|50.2034|17.8273|50.2036181|17.8284563|way/427376449
Powiatowa Stacja Sanitarno-Epidemiologiczna w Kędzierzynie Koźlu|opolskie|kedzierzyńsko-kozielski|Kędzierzyn-Koźle|Anny|14|47-200|77-48-21-174||77-48-23-960||psse.kedzierzynkozle@pis.gov.pl||www.pssekedzierzyn.pis.gov.pl|50.3347|18.1473|50.334535149999994|18.147409830001934|
Powiatowa Stacja Sanitarno-Epidemiologiczna w Kluczborku|opolskie|kluczborski|Kluczbork|Jagiellońska|8|46-200|77-41-82-257||77-44-72-002||psse.kluczbork@pis.gov.pl||www.pssekluczbork.pis.gov.pl|50.9744|18.2172|50.9743352|18.2172422|way/262734224
Powiatowa Stacja Sanitarno-Epidemiologiczna w Krapkowicach|opolskie|krapkowicki|Krapkowice|Ks. Koziołka|30|47-303|77-44-66-740||77-44-66-741||psse.krapkowice@pis.gov.pl||www.pssekrapkowice.pis.gov.pl|50.4833|17.9758|50.48309595|17.97579110296592|
Powiatowa Stacja Sanitarno-Epidemiologiczna w Namysłowie|opolskie|namysłowski|Namysłów|Piłsudskiego|13|46-100|77-41-90-480||77-41-90-480||psse.namyslow@pis.gov.pl  ||www.pssenamyslow.pis.gov.pl|51.0732|17.7245|51.07350525|17.72480387569286|
Powiatowa Stacja Sanitarno-Epidemiologiczna w Nysie|opolskie|nyski|Nysa|Żeromskiego|07-09|48-304|77-43-30-078||77-43-30-079||psse.nysa@pis.gov.pl||www.pssenysa.pl|50.4667|17.3322|50.4667247|17.3323165|way/225922981
Powiatowa Stacja Sanitarno-Epidemiologiczna w Oleśnie|opolskie|oleski|Olesno|Wielkie Przedmieście|7|46-300|34-35-82-673||34-35-82-684||psse.olesno@pis.gov.pl||www.psse.olesno.info.pl|50.8749|18.4175|50.8748074|18.417512535202|
Powiatowa Stacja Sanitarno-Epidemiologiczna w Prudniku|opolskie|prudnicki|Prudnik|Klasztorna|4|48-200|77-43-62-074||7743-62-074||psse.prudnik@pis.gov.pl||www.psseprudnik.pis.gov.pl|50.321|17.5776|50.3210303|17.577587577559058|
Powiatowa Stacja Sanitarno-Epidemiologiczna w Strzelcach Opolskich|opolskie|strzelecki|Strzelce Opolskie|Piłsudskiego|20|47-100|77-44-00-313||77-44-00-323||psse.strzelceopolskie@pis.gov.pl||www.pssestrzelce.pis.gov.pl|50.5135|18.3042|50.513547|18.304156248883643|
Wojewódzka Stacja Sanitarno-Epidemiologiczna w Rzeszowie|podkarpackie|rzeszowski|Rzeszów|Wierzbowa|16|35-959|17 852 21 11||17 852 22 92||dyzur@wsse.rzeszow.pl||http://www.wsse.rzeszow.pl/|50.34|22.145|50.0340442|22.0145206|way/198079890
Wojewódzka Stacja Sanitarno-Epidemiologiczna Oddział LAB w Przemyślu|podkarpackie|przemyski|Przemyśl|Mariacka|4|37-700|16 678 88 58||16 678 85 58||przemysl@wsse.rzeszow.pl||https://www.gov.pl/web/wsse-rzeszow/laboratoria-pis|49.7842|22.7904|49.7842520|22.7903972|node/10313829043
Wojewódzka Stacja Sanitarno-Epidemiologiczna Oddział LAB w Tarnobrzegu|podkarpackie|tarnobrzeski|Tarnobrzeg|1-Maja|5|39-400|15 823 44 10||15 823 44 52||tarnobrzeg@wsse.rzeszow.pl||https://www.gov.pl/web/wsse-rzeszow/laboratoria-pis|50.5697|21.6655|50.5695399|21.6655008|
Wojewódzka Stacja Sanitarno-Epidemiologiczna Oddział LAB w Sanoku|podkarpackie|sanocki|Sanok|Jezierskiego|39|38-500|13 463 39 23||13 464 57 65||sanok@wsse.rzeszow.pl||https://www.gov.pl/web/wsse-rzeszow/laboratoria-pis|49.5505|22.2008|49.5504327|22.2007078|way/267528780
Powiatowa Stacja Sanitarno-Epidemiologiczna Brzozów|podkarpackie|brzozowski|Brzozów|Moniuszki|17|36-200|13 434 14 59||13 434 14 59||psse.brzozow@pis.gov.pl||https://www.gov.pl/web/psse-brzozow|49.6923|22.87|49.6922990|22.0086313|node/10313812294
Powiatowa Stacja Sanitarno-Epidemiologiczna Dębica|podkarpackie|dębicki|Dębica|Parkowa|2|39-200|14 680 93 70||14 680 93 71||psse.debica@pis.gov.pl||https://www.gov.pl/web/psse-debica|50.47|21.4023|50.0468730|21.4021717|node/10541989743
Powiatowa Stacja Sanitarno-Epidemiologiczna Jarosław|podkarpackie|jarosławski|Jarosław|Grunwaldzka|7|37-500|16 624 24 40||16 621 25 18||psse.jaroslaw@pis.gov.pl||https://www.gov.pl/web/psse-jaroslaw|50.164|22.6801|50.0164027|22.6800911|node/10313739624
Powiatowa Stacja Sanitarno-Epidemiologiczna Jasło|podkarpackie|jasielski|Jasło|Koralewskiego|13|38-200|13 446 30 08||13 446 34 66||psse.jaslo@pis.gov.pl||https://www.gov.pl/web/psse-jaslo|49.7473|21.4717|49.7472794|21.4716711|way/405609246
Powiatowa Stacja Sanitarno-Epidemiologiczna Kolbuszowa|podkarpackie|kolbuszowski|Kolbuszowa|11-go Listopada|10|36-100|17 227 11 50||17 227 11 50||psse.kolbuszowa@pis.gov.pl||https://www.gov.pl/web/psse-kolbuszowa|50.2463|21.7826|50.2468356|21.7825542|
Powiatowa Stacja Sanitarno-Epidemiologiczna Krosno|podkarpackie|krośnieński|Krosno|Kisielewskiego|12|38-400|13 432 19 42||13 432 19 45||psse.krosno@pis.gov.pl||https://www.gov.pl/web/psse-krosno|49.6837|21.7553|49.6836390|21.7553384|way/178016971
Powiatowa Stacja Sanitarno-Epidemiologiczna Leżajsk|podkarpackie|leżajski|Leżajsk|Mickiewicza|71|37-300|17 242 07 54||17 240 18 44||psse.lezajsk@pis.gov.pl||https://www.gov.pl/web/psse-lezajsk|50.2631|22.4177|50.2630513|22.4177250|way/166443925
Powiatowa Stacja Sanitarno-Epidemiologiczna Lubaczów|podkarpackie|lubaczowski|Lubaczów|Mickiewicza|45|37-600|16 632 15 28||17 785 21 89||psse.lubaczow@pis.gov.pl||https://www.gov.pl/web/psse-lubaczow|50.1611|23.1211|50.161165350000005|23.121430809720152|
Powiatowa Stacja Sanitarno-Epidemiologiczna Łańcut|podkarpackie|łańcucki|Łańcut|Mickiewicza|6|37-100|17 225 00 70||17 225 00 72||psse.lancut@pis.gov.pl||https://www.gov.pl/web/psse-lancut|50.655|22.2293|50.0655256|22.2293061|way/194112659
Powiatowa Stacja Sanitarno-Epidemiologiczna Mielec|podkarpackie|mielecki|Mielec|M.C.Skłodowskiej|8|39-300|17 586 30 21||17 586 30 21||psse.mielec@pis.gov.pl||https://www.gov.pl/web/psse-mielec|50.2961|21.444|50.2960336|21.4438355|node/5429088140
Powiatowa Stacja Sanitarno-Epidemiologiczna Nisko|podkarpackie|niżański|Nisko|Rudnicka|13|37-400|15 841 20 10||15 841 20 10||psse.nisko@pis.gov.pl||https://www.gov.pl/web/psse-nisko|50.5168|22.1572|50.5166278|22.1575245|node/10210062520
Powiatowa Stacja Sanitarno-Epidemiologiczna Przeworsk|podkarpackie|przeworski|Przeworsk|Rynek|1|37-200|16 648 75 95||16 648 79 01||psse.przeworsk@pis.gov.pl||https://www.gov.pl/web/psse-przeworsk|50.0568|22.4945|50.05676615|22.49451855079078|
Powiatowa Stacja Sanitarno-Epidemiologiczna Przemyśl|podkarpackie|przemyski|Przemyśl|Mariacka|4|37-700|16 670 76 91||16 670 07 38||psse.przemysl@pis.gov.pl||https://www.gov.pl/web/psse-przemysl|49.7842|22.7904|49.7841584|22.7906767|node/10313829044
Powiatowa Stacja Sanitarno-Epidemiologiczna Ropczyce|podkarpackie|ropczycko-sędziszowski|Ropczyce|Mickiewicza|57|39-100|17 221 83 21||17 221 83 21 wew. 24||psse.ropczyce@pis.gov.pl||https://www.gov.pl/web/psse-ropczyce|50.548|21.6212|50.0548182|21.6210863|way/305963898
Powiatowa Stacja Sanitarno-Epidemiologiczna Rzeszów|podkarpackie|rzeszowski|Rzeszów|Dąbrowskiego|79A|35-040|17 854 19 09||17 854 19 09 wew. 110||psse.rzeszow@pis.gov.pl||https://www.gov.pl/web/psse-rzeszow|50.235|21.9866|50.0234816|21.98656557928322|
Powiatowa Stacja Sanitarno-Epidemiologiczna Sanok|podkarpackie|sanocki|Sanok|Jezierskiego|39|38-500|13 464 12 19||13 464 12 19||psse.sanok@pis.gov.pl||https://www.gov.pl/web/psse-sanok|49.5505|22.2008|49.5503382|22.2010371|way/267528782
Powiatowa Stacja Sanitarno-Epidemiologiczna Stalowa Wola|podkarpackie|stalowowolski|Stalowa Wola|Niezłomnych|66|37-450|15 842 51 30||15 842 11 81||psse.stalowawola@pis.gov.pl||https://www.gov.pl/web/psse-stalowa-wola|50.5707|22.484|50.5707377|22.0484351|way/550429920
Powiatowa Stacja Sanitarno-Epidemiologiczna Strzyżów|podkarpackie|strzyżowski|Strzyżów|Słowackiego|8|38-100|17 276 11 52||17 276 11 52||psse.strzyzow@pis.gov.pl||https://www.gov.pl/web/psse-strzyzow/|49.8688|21.7885|49.8688520|21.7889757|node/10313840514
Powiatowa Stacja Sanitarno-Epidemiologiczna Ustrzyki Dolne|podkarpackie|bieszczadzki|Ustrzyki Dolne|29 Listopada|53|38-700|13 461 28 06||13 461 28-06||psse.ustrzykidolne@pis.gov.pl||https://www.gov.pl/web/psse-ustrzyki-dolne|49.4329|22.6029|49.4328471|22.6029547|node/10313829042
Powiatowa Stacja Sanitarno-Epidemiologiczna Tarnobrzeg|podkarpackie|tarnobrzeski|Tarnobrzeg|1-Maja|5|39-400|15 822 63 18||15 823 66 64||psse.tarnobrzeg@pis.gov.pl||https://www.gov.pl/web/psse-tarnobrzeg|50.5711|21.6654|50.5695399|21.6655008|
Graniczna Stacja Sanitarno-Epidemiologiczna Przemyśl|podkarpackie|przemyski|Przemyśl|Mariacka|4|37-700|16 678 27 86||16 678 45 87||gsse.przemysl@pis.gov.pl||https://www.gov.pl/web/gsse-przemysl|49.7842|22.7904|49.7841715|22.7903927|node/10313837066
Powiatowa Stacja Sanitarno-Epidemiologiczna w Białymstoku|podlaskie|białostocki|Białystok|Warszawska|57 A|15-062|85 732 52 36|85 732 50 91|85 732 50 91||sekretariat@psse.bialystok.pl||https://www.gov.pl/web/psse-bialystok|53.1312|23.1745|53.13124245|23.17451993101403|
Powiatowa Stacja Sanitarno-Epidemiologiczna w Augustowie|podlaskie|augustowski|Augustów|Brzostowskiego|10|16-300|87 643 32 80||87 643 32 80||psse_augustow@epoczta.pl||https://www.gov.pl/web/psse-augustow|53.8362|22.9872|53.6776985|23.101986087424276|
Powiatowa Stacja Sanitarno-Epidemiologiczna w Bielsku Podlaskim|podlaskie|bielski|Bielsk Podlaski|Białowieska|28|17-100|85 730 17 17||85 730 80 90||pssebielsk@wsse.bialystok.pl||https://www.gov.pl/web/psse-bielsk-podlaski|52.7600|23.2036|52.7618944|23.1980891|
Powiatowa Stacja Sanitarno-Epidemiologiczna w Grajewie|podlaskie|grajewski|Grajewo|Plac Niepodległości|12|19-200|86 272 26 00||86 272 61 00||pssegrajewo@bialystok.wsse.gov.pl||https://www.gov.pl/web/psse-grajewo|53.6474|22.4543|53.64741345|22.4543432|
Powiatowa Stacja Sanitarno-Epidemiologiczna w Hajnówce|podlaskie|hajnowski|Hajnówka|Piłsudskiego|10|17-200|85 682 28 09||85 682 29 89||pssehajnowka@wsse.bialystok.pl||https://www.gov.pl/web/psse-hajnowka|52.7354|23.5915|52.73552545|23.591499700718174|
Powiatowa Stacja Sanitarno-Epidemiologiczna w Kolnie|podlaskie|kolneński|Kolno|Wojska Polskiego|4|18-500|86 278 31 91||86 278 19 89||pssekolno@wsse.bialystok.pl||https://www.gov.pl/web/psse-kolno|53.4078|21.9329|53.4077642|21.9328523|
Powiatowa Stacja Sanitarno-Epidemiologiczna w Mońkach|podlaskie|moniecki|Mońki|Tysiaclecia|5|19-100|85 716 26 17||85 727 90 65||sekretariat@monki.psse.gov.pl||https://www.gov.pl/web/psse-monki|53.4061|22.8003|53.4061986|22.8002338|way/188456450
Powiatowa Stacja Sanitarno-Epidemiologiczna w Sejnach|podlaskie|sejneński|Sejny|Rittlera|2|16-500|87 517 33 50||87 517 34 50||psse.sejny@pis.gov.pl||https://www.gov.pl/web/psse-sejny|54.1150|23.3532|54.1151624|23.35306127938243|
Powiatowa Stacja Sanitarno-Epidemiologiczna w Siemiatyczach|podlaskie|siemiatycki|Siemiatycze|Kilińskiego|32|17-300|85 655 23 71|85 656 04 36|85 655 22 11||sekretariat@pssesiemiatycze.org||https://www.gov.pl/web/psse-siemiatycze|52.4285|22.8570|52.4286144|22.857103692675217|
Powiatowa Stacja Sanitarno-Epidemiologiczna w Sokółce|podlaskie|sokólski|Sokółka|1-go Maja|13 A|16-100|85 711 36 25||85 711 36 25||psse.sokolka@gmail.com||https://www.gov.pl/web/psse-sokolka|53.4045|23.4981|53.40510905|23.483809234129325|
Powiatowa Stacja Sanitarno-Epidemiologiczna w Suwałkach|podlaskie|suwalski|Suwałki|Utrata|9A|16-400|87 565 28 60||87 565 28 61||psse.suwalki@pis.gov.pl||https://www.gov.pl/web/psse-suwalki|54.1029|22.9399|54.1027995|22.94006119477566|
Powiatowa Stacja Sanitarno-Epidemiologiczna w Wysokiem Mazowieckiem|podlaskie|wysokomazowiecki|Wysokie Mazowieckie|1 Maja|9|18-200|86 275 25 91||86 275 25 85||pssewysmaz@wp.pl||https://www.gov.pl/web/psse-wysokie-mazowieckie|52.9122|22.5111|52.9121525|22.5110592|node/7180862940
Powiatowa Stacja Sanitarno-Epidemiologiczna w Zambrowie|podlaskie|zambrowski|Zambrów|Obrońców Zambrowa|50|18-300|86 276 30 71|86 276 30 70|86 276 30 72||pssezambrow@wp.pl||https://www.gov.pl/web/psse-zambrow|52.9808|22.2369|52.980779850000005|22.236918601386634|
Powiatowa Stacja Sanitarno-Epidemiologiczna w Łomży|podlaskie|łomżyński|Łomża|Ks.Janusza I|1|18-400|86 216 52 61|86 216 26 47|86 216 52 62||psselomza@psselomza.pl||https://www.gov.pl/web/psse-lomza|53.1623|22.0773|53.162373099999996|22.07739237046674|
Wojewódzka Stacja Sanitarno-Epidemiologiczna w Gdańsku|pomorskie||Gdańsk|Dębinki|4|80-211|58 344 73 00||58 520 19 70||poczta@wsse.gda.pl|wsse.gdansk@pis.gov.pl|http://www.wsse.gda.pl/|54.3652|18.6280|54.3651793|18.628011253457153|
Graniczna Stacja Sanitarno-Epidemiologiczna w Gdyni|pomorskie||Gdynia|Kontenerowa|69|81-155|58 620 81 15|882085679|58 621 33 99||gsse.gdynia@pis.gov.pl|sekretariat@gsse.eu|http://gsse.eu/|54.5507|18.4929|54.5496894|18.4983875|way/137707567
Graniczny Punkt Kontroli Sanitarno-Epidemiologicznej w Gdańsku|pomorskie||Gdańsk|Oliwska|14/15|80-542|58 343 09 48|608358721|58 343 28 09||gdansk@gsse.eu|dct@gsse.eu|http://gsse.eu/|54.4024|18.6702|54.4023856|18.670209326656693|
Graniczny Punkt Kontroli Sanitarno-Epidemiologicznej w Ustce|pomorskie|słupski|Ustka|Marynarki Polskiej|5|76-270|59 814 45 48||59 814 45 48||ustka@gsse.eu||http://gsse.eu/|54.5872|16.8544|54.5872358|16.854436675783504|
Powiatowa Stacja Sanitarno-Epidemiologiczna w Bytowie|pomorskie|bytowski|Bytów|Generała Sikorskiego|27|77-100|59 822 36 85|222500115|59 822 36 85||psse.bytow@pis.gov.pl|sekretariat@psse.bytow.pl|https://www.gov.pl/web/psse-bytow/kontakt2|54.1718|17.4903|54.17185465|17.490340780581043|
Powiatowa Stacja Sanitarno-Epidemiologiczna w Chojnicach|pomorskie|chojnicki|Chojnice|Józefa Piłsudskiego|39|89-620|52 397 63 95|22 250 01 15|52 396 80 81||psse.chojnice@pis.gov.pl||http://www.psse.chojnice.pl/|53.6911|17.5699|53.6911742|17.5699599|way/68076984
Powiatowa Stacja Sanitarno-Epidemiologiczna w Człuchowie|pomorskie|człuchowski|Człuchów|Jana III Sobieskiego|4|77-300|59 83 45 266|22 250 01 15|59 834 15 51||psse.czluchow@pis.gov.pl||https://www.gov.pl/web/psse-czluchow|53.6619|17.3538|53.66193135|17.3538465546089|
Powiatowa Stacja Sanitarno-Epidemiologiczna w Gdańsku|pomorskie|m. Gdańsk|Gdańsk|Wałowa|27|80-858|58 320 08 00|22 250 01 15|58 301 85 45||psse.gdansk@pis.gov.pl|kancelaria@psse.gda.pl|http://www.psse.gda.pl/|54.3588|18.653|54.3586362|18.6543148|node/7318684248
Powiatowa Stacja Sanitarno-Epidemiologiczna w Gdyni|pomorskie|m. Gdynia|Gdynia|Starowiejska|50|81-356|58 620 17 98|22 250 01 15|58 620 57 44||psse.gdynia@pis.gov.pl|kancelaria@psse.gdynia.pl|https://psse.gdynia.pl/|54.5212|18.5336|54.5213088|18.5336318|way/783281162
Powiatowa Stacja Sanitarno-Epidemiologiczna w Kartuzach|pomorskie|kartuski|Kartuzy|Sambora|30a|83-300|58 681 24 88|22 250 01 15|58 681 07 21||psse.kartuzy@pis.gov.pl||http://pssekartuzy.pis.gov.pl|54.341|18.2008|54.341005100000004|18.200885469705607|
Powiatowa Stacja Sanitarno-Epidemiologiczna w Kościerzynie|pomorskie|kościerski|Kościerzyna|Wodna|15|83-400|58 686 69 48|22 250 01 15|58 686 33 64||psse.koscierzyna@pis.gov.pl||http://pssekoscierzyna.pis.gov.pl/|54.1224|17.9804|54.122441300000006|17.980485499999993|
Powiatowa Stacja Sanitarno-Epidemiologiczna w Kwidzynie|pomorskie|kwidzyński|Kwidzyn|Fryderyka Chopina|40|82-500|55 279 38 15|22 250 01 15|55 279 22 49||psse.kwidzyn@pis.gov.pl||http://www.pssekwidzyn.pl/|53.7315|18.9319|53.731558899999996|18.931994430497724|
Powiatowa Stacja Sanitarno-Epidemiologiczna w Lęborku|pomorskie|lęborski|Lębork|Gdańska|63|84-300|59 862 10 10|22 250 01 15|59 862 19 28||psse.lebork@pis.gov.pl||https://www.gov.pl/web/psse-lebork|54.547|17.7663|54.54700985|17.766342877272194|
Powiatowa Stacja Sanitarno-Epidemiologiczna w Malborku|pomorskie|malborski|Malbork|Słowackiego|64|82-200|55 647 25 55|22 250 01 15|55 647 25 55||psse.malbork@pis.gov.pl||http://pssemalbork.pis.gov.pl/|54.0297|19.0231|54.030170299999995|19.023216513519955|
Powiatowa Stacja Sanitarno-Epidemiologiczna w Nowym Dworze Gdańskim|pomorskie|nowodworski|Nowy Dwór Gdański|Dworcowa|14|82-100|55 247 57 01|513025100|55 247 57 01||psse.nowydworgdanski@pis.gov.pl||https://www.gov.pl/web/psse-nowy-dwor-gdanski|54.2115|19.1205|54.21158275|19.12045736362757|
Powiatowa Stacja Sanitarno-Epidemiologiczna w Pruszczu Gdańskim|pomorskie|gdański|Pruszcz Gdański|Grunwaldzka|25|83-000|58 683 54 12|503397415|58 683 54 12||psse.pruszczgdanski@pis.gov.pl|sekretariat@psse.powiat-gdanski.pl|http://pssepruszczgd.pis.gov.pl/|54.2612|18.6364|54.2611228|18.6365948|
Powiatowa Stacja Sanitarno-Epidemiologiczna w Pucku|pomorskie|pucki|Puck|1 Armii Wojska Polskiego|16|84-100|58 673 03 41|22 250 01 15|58 673 03 41||psse.puck@pis.gov.pl||http://pssepuck.pis.gov.pl/|54.7164|18.4106|54.7182606|18.4111509|
Powiatowa Stacja Sanitarno-Epidemiologiczna w Sopocie|pomorskie|m. Sopot|Sopot|Kościuszki|23|81-704|58 551 06 35|22 250 01 15|58 551 06 65||psse.sopot@pis.gov.pl||http://www.psse.sopot.pl/|54.4402|18.5656|54.44027680000001|18.565697157394844|
Powiatowa Stacja Sanitarno-Epidemiologiczna w Starogardzie Gdańskim|pomorskie|starogardzki|Starogard Gdański|Kanałowa|5|83-200|58 562 40 12|22 250 01 15|58 562 40 11||psse.starogardgdanski@pis.gov.pl||http://www.psse-starogard.pl/|53.9689|18.5328|53.9689529|18.5329058|way/312216360
Powiatowa Stacja Sanitarno-Epidemiologiczna w Słupsku|pomorskie|słupski|Słupsk|Piotra Skargi|8|76-200|59 843 12 91|22 250 01 15|59 843 81 55||psse.slupsk@pis.gov.pl||http://psseslupsk@pis.gov.pl|54.4648|17.0130|54.4648735|17.0130608|
Powiatowa Stacja Sanitarno-Epidemiologiczna w Tczewie|pomorskie|tczewski|Tczew|Obrońców Westerplatte|10|83-110|58 531 39 31|22 250 01 15|58 531 27 30||psse.tczew@pis.gov.pl|sekretariat@psse.tczew.pl|http://pssetczew.pis.gov.pl/|54.0895|18.7952|54.08953|18.79528|
Powiatowa Stacja Sanitarno-Epidemiologiczna w Wejherowie|pomorskie|wejherowski|Wejherowo|Obrońców Helu|3|84-200|58 677 79 03|697611090|58 677 79 03||psse.wejherowo@pis.gov.pl||http://psse-wejherowo.pl|54.6087|18.2465|54.608649|18.24831278665127|
Wojewódzka Stacja Sanitarno-Epidemiologiczna w Katowicach|śląskie||Katowice|ul. Raciborska|39|40-074|32 351 23 00||32 351 23 18||wsse.katowice@pis.gov.pl||www.gov.pl/wsse-katowice|50.2550|19.0015|50.2546524|19.0011822|node/1588863641
Powiatowa Stacja Sanitarno-Epidemiologiczna w Bielsku-Białej|śląskie|bielski|Bielsko-Biała|ul. Broniewskiego|21|43-300|33 499 29 22|33 816 00 12|33 812 57 63||psse.bielskobiala@pis.gov.pl|ppis@psse.bielsko.pl|www.gov.pl/psse-bielsko-biala|49.8183|19.0526|49.81844755|19.052600244082193|
Powiatowa Stacja Sanitarno-Epidemiologiczna w Bytomiu|śląskie|m. Bytom|Bytom|ul. Moniuszki|25|41-902|32 397 66 60|323976665|32 397 66 00||ppis@psse.bytom.pl||www.gov.pl/psse-bytom|50.3437|18.9214|50.34374855|18.921799983528647|
Powiatowa Stacja Sanitarno-Epidemiologiczna w Chorzowie|śląskie|m. Chorzów|Chorzów|ul. Kazimierza Wielkiego|6|41-500|32 241 27 42|32 241 24 94|32 249 08 30||psse.chorzow@pis.gov.pl||www.gov.pl/psse-chorzow|50.2976|18.9503|50.2977899|18.95050737973186|
Powiatowa Stacja Sanitarno-Epidemiologiczna w Cieszynie|śląskie|cieszyński|Cieszyn|ul. Liburnia|2a|43-400|33 479 70 10|33 479 40 80|33 479 71 73||psse.cieszyn@pis.gov.pl||www.gov.pl/psse-cieszyn|49.7524|18.6316|49.7523979|18.6314799|
Powiatowa Stacja Sanitarno-Epidemiologiczna w Częstochowie|śląskie||Częstochowa|ul. Jasnogórska|15A|42-200|34 344 99 00|34 362 72 10|||psse.czestochowa@pis.gov.pl||www.gov.pl/psse-czestochowa|50.8155|19.1177|50.8155543|19.11739018796594|
Powiatowa Stacja Sanitarno-Epidemiologiczna w Dąbrowie Górniczej|śląskie|m. Dąbrowa Górnicza|Dąbrowa Górnicza|ul. Dąbrowskiego|9a|41-300|32 267 34 25|32 360 27 48|322673657||psse.dabrowagornicza@pis.gov.pl|sekretariat@pssedg.pl|www.gov.pl/psse-dabrowa-gornicza|50.3135|19.1362|50.32118035|19.182587248001145|
Powiatowa Stacja Sanitarno-Epidemiologiczna w Gliwicach|śląskie|m. Gliwice|Gliwice|ul. Banacha|4|44-100|32 338 05 01|32 338 05 00|32 231 95 23|32 338 05 30|psse.gliwice@pis.gov.pl||www.gov.pl/psse-gliwice|50.2918|18.6762|50.29195885|18.67642825|
Powiatowa Stacja Sanitarno-Epidemiologiczna w Jaworznie|śląskie|m. Jaworzno|Jaworzno|ul. Pocztowa|7|43-600|32 616 40 58||32 616 35 50||psse.jaworzno@pis.gov.pl||www.gov.pl/psse-jaworzno|50.2018|19.2758|50.2018583|19.27590223245029|
Powiatowa Stacja Sanitarno-Epidemiologiczna w Katowicach|śląskie|m. Katowice|Katowice|Plac Grunwaldzki 8-10|8-10|40-127|32 257 04 04|32 253 24 60|32 253 24 89||psse.katowice@pis.gov.pl||www.gov.pl/psse-katowice|50.2503|19.0079|50.26912385|19.021688711072294|
Powiatowa Stacja Sanitarno-Epidemiologiczna w Kłobucku|śląskie|kłobucki|Kłobuck|ul. Staszica|28|42-100|34 317 26 00|34 317 22 60|34 317 22 60|34 317 26 00|psse.klobuck@pis.gov.pl||www.gov.pl/psse-klobuck|50.8993|18.9352|50.8992498|18.935386685332013|
Powiatowa Stacja Sanitarno-Epidemiologiczna w Lublińcu|śląskie|lubliniecki|Lubliniec|ul. Dworcowa|17|42-700|34 356 32 85|34 356 26 74|34 356 32 85||psse.lubliniec@pis.gov.pl||www.gov.pl/psse-lubliniec|50.6717|18.6900|50.67158085|18.690123784608232|
Powiatowa Stacja Sanitarno-Epidemiologiczna w Myszkowie|śląskie|myszkowski|Myszków|ul. Pułaskiego|42|42-300|34 313 13 05||34 313 13 05||psse.myszkow@pis.gov.pl|sekretariat@pssemyszkow.pl|www.gov.pl/psse-myszkow|50.5775|19.3378|50.5585047|19.3019315|
Powiatowa Stacja Sanitarno-Epidemiologiczna w Rudzie Śląskiej|śląskie||Ruda Śląska|ul. Dąbrowskiego|9|41-710|32 340 03 84|32 340 03 85|32 340 04 03||psse.rudaslaska@neostrada.pl|psse.rudaslaska@pis.gov.pl|www.gov.pl/psse-ruda-slaska|50.2714|18.8669|50.271573|18.8673643|
Powiatowa Stacja Sanitarno-Epidemiologiczna w Rybniku|śląskie||Rybnik|ul. Kpt.L. Janiego|1|44-200|32 422 40 09|32 422 33 12|32 422 45 47||psse.rybnik@pis.gov.pl||www.gov.pl/psse-rybnik|50.1104|18.5451|50.1104305|18.54543849752298|
Powiatowa Stacja Sanitarno-Epidemiologiczna w Sosnowcu|śląskie|m. Sosnowiec|Sosnowiec|ul. Pogotowia|1|41-200|32 266 55 38|32 363 24 70|32 266 38 83||psse.sosnowiec@pis.gov.pl|sekretariat@psse.sosnowiec.pl|www.gov.pl/psse-sosnowiec|50.2736|19.1439|50.2738796|19.1437225|node/6885557385
Powiatowa Stacja Sanitarno-Epidemiologiczna w Tychach|śląskie|m. Tychy|Tychy|ul. Budowlanych|131|43-100|32 219 31 77|32 227 52 47|32 219 31 77||psse.tychy@pis.gov.pl||www.gov.pl/psse-tychy|50.1282|18.9694|50.1284981|18.9699016|
Powiatowa Stacja Sanitarno-Epidemiologiczna w Wodzisławiu Śląskim|śląskie|wodzisławski|Wodzisław Śląski|ul. Bogumińska|3|44-300|32 456 38 10|32 456 38 13|32 455 15 96||psse.wodzislawslaski@pis.gov.pl||www.gov.pl/psse-wodzislaw-slaski|49.9999|18.4598|49.9997801|18.4597454|node/6727411090
Powiatowa Stacja Sanitarno-Epidemiologiczna w Zawierciu|śląskie|zawierciański|Zawiercie|ul. 11 Listopada|15|42-400|32 672 12 10|32 672 34 91|32 672 12 10||psse.zawiercie@pis.gov.pl|psse@psse-zawiercie.internetdsl.pl|www.gov.pl/psse-zawiercie|50.4933|19.4169|50.4933460|19.4173538|way/292555061
Powiatowa Stacja Sanitarno-Epidemiologiczna w Żywcu|śląskie|żywiecki|Żywiec|ul. Krasińskiego|3|34-300|33 866 67 72|33 861 21 37|33 866 67 73||psse.zywiec@pis.gov.pl||www.gov.pl/psse-zywiec|49.6875|19.2052|49.6876128|19.2052867|node/7538570829
Wojewódzka Stacja Sanitarno-Epidemiologiczna w Kielcach|Świętokrzyskie||Kielce|Jagiellońska|68|25-734|22 250 01 15||41 345 18 73||wsse.kielce@pis.gov.pl|sekretariat@wsse-kielce.pl|www.gov.pl/web/wsse-kielce|50.8723|20.6052|50.8722807|20.6051764|node/8893578711
Powiatowa Stacja Sanitarno-Epidemiologiczna w Busku-Zdroju|świętokrzyskie|buski|Busko-Zdrój|Stefana Batorego|2|28-100|22 250 01 15||41 378 27 88||psse.buskozdroj@pis.gov.pl|psse.busko@wsse-kielce.pl|www.gov.pl/web/psse-busko-zdroj|50.4687|20.72|50.4688451|20.7200032|
Powiatowa Stacja Sanitarno-Epidemiologiczna w Jędrzejowie|świętokrzyskie|jędrzejowski|Jędrzejów|11-go Listopada|33|28-300|22 250 01 15||41 386 15 16||psse.jedrzejow@pis.gov.pl|psse.jedrzejow@wsse-kielce.pl|www.gov.pl/web/psse-jedrzejow|50.6416|20.3003|50.64162465|20.300261091829526|
Powiatowa Stacja Sanitarno-Epidemiologiczna w Kielcach|świętokrzyskie|kielecki|Kielce|Skibińskiego|4|25-819|22 250 01 15||41 345 46 23||psse.kielce@pis.gov.pl||www.gov.pl/web/psse-kielce|50.856|20.5542|50.8559703|20.5542825|way/352409436
Powiatowa Stacja Sanitarno-Epidemiologiczna w Końskich|świętokrzyskie|konecki|Końskie|Sportowa|7|26-200|22 250 01 15||41 372 33 62||psse.konskie@pis.gov.pl||www.gov.pl/web/psse-konskie|51.1892|20.422|51.18911955|20.421957779854807|
Powiatowa Stacja Sanitarno-Epidemiologiczna w Opatowie|świętokrzyskie|opatowski|Opatów|Stefanii Sempołowskiej|3|27-500|22 250 01 15||15 868 21 49||psse.opatow@pis.gov.pl||www.gov.pl/web/psse-opatow|50.8037|21.4284|50.804453699999996|21.42952291113229|
Powiatowa Stacja Sanitarno-Epidemiologiczna w Ostrowcu-Świętokrzyskim|świętokrzyskie|ostrowiecki|Ostrowiec Świętokrzyski|Smolna|3|27-400|22 250 01 15||41 247 96 97||psse.ostrowiec@pis.gov.pl||www.gov.pl/web/psse-ostrowiec-swietokrzyski|50.9353|21.3833|50.9352937|21.3832860|way/366093411
Powiatowa Stacja Sanitarno-Epidemiologiczna w Sandomierzu|świętokrzyskie|sandomierski|Sandomierz|L. Frankowskiego|8|27-600|22 250 01 15||15 832 32 58||psse.sandomierz@pis.gov.pl|psse.sandomierz@wsse-kielce.pl|www.gov.pl/web/psse-sandomierz|50.6899|21.732|50.690349|21.73203653475842|
Powiatowa Stacja Sanitarno-Epidemiologiczna w Skarżysku-Kamiennej|świętokrzyskie|skarżyski|Skarżysko-Kamienna|Czerwonego Krzyża|10|26-110|22 250 01 15||41 251 18 67||psse.skarzyskokam@pis.gov.pl||www.gov.pl/web/psse-skarzysko-kamienna|51.1179|20.8922|51.117797499999995|20.892232094431208|
Powiatowa Stacja Sanitarno-Epidemiologiczna w Starachowicach|świętokrzyskie|starachowicki|Starachowice|Złota|6|27-200|22 250 01 15||41 274 62 67 wew. 23||psse.starachowice@pis.gov.pl||www.gov.pl/web/psse-starachowice|51.0506|21.0847|51.0505649|21.08466684077502|
Powiatowa Stacja Sanitarno-Epidemiologiczna w Staszowie|świętokrzyskie|staszowski|Staszów|Szpitalna|37/14|28-200|22 250 01 15||15 864 39 96||psse.staszow@pis.gov.pl||www.gov.pl/web/psse-staszow|50.5608|21.1711|50.559589349999996|21.17078923020994|
Powiatowa Stacja Sanitarno-Epidemiologiczna we Włoszczowie|świętokrzyskie|włoszczowski|Włoszczowa|Jana III Sobieskiego|38|29-100|22 250 01 15||41 394 34 96||psse.wloszczowa@pis.gov.pl||www.gov.pl/web/psse-wloszczowa|50.8532|19.9582|50.8531888|19.9579951|way/175191654
Wojewódzka Stacja Sanitarno-Epidemiologiczna w Olsztynie|warmińsko-mazurskie|m. Olsztyn|Olsztyn|Żołnierska|16|10-561|(89) 524-83-00||(89) 679 -16 -99||wsse.olsztyn@pis.gov.pl|wsse@wsse.olsztyn.pl|www.wsse.olsztyn.pl|53.7706|20.4904|53.76873285|20.49036068719512|
Powiatowa Stacja Sanitarno-Epidemiologiczna Bartoszyce|warmińsko-mazurskie|bartoszycki|Bartoszyce|Bohaterów Warszawy|12|11-200|(89)762-21-50||(89)762-21-50||psse.bartoszyce@sanepid.olsztyn.pl||www.bip.psse-bartoszyce.pl|54.2475|20.8141|54.2474936|20.8139424|node/10544441934
Powiatowa Stacja Sanitarno-Epidemiologiczna Braniewo|warmińsko-mazurskie|braniewski|Braniewo|Królewiecka|26|14-500|(55)243-23-81|(55) 243-25-45|(55)243-23-81||psse.braniewo@sanepid.olsztyn.pl|psse.braniewo@pis.gov.pl|www.sanepidbraniewo.pl|54.3854|19.8298|54.38560715|19.83001565238291|
Powiatowa Stacja Sanitarno-Epidemiologiczna Działdowo|warmińsko-mazurskie|działdowski|Działdowo|Pl. Biedrawy|5|13-200|(23)697-26-34|23697-26-36|(23)697-26-34|23697-51-86|psse.dzialdowo@sanepid.olsztyn.pl|psse.dzialdowo@pis.gov.pl|www.bip.visacom.pl/psse_dzialdowo|53.2330|20.1777|53.2330883|20.17786916043836|
Powiatowa Stacja Sanitarno-Epidemiologiczna Elbląg|warmińsko-mazurskie|m. Elbląg|Elbląg|Królewiecka|195|82-300|(55)232-32-60||(55)232-74-31||psse.elblag@pis.gov.pl|psse.elblag@sanepid.olsztyn.pl|www.psseelblag.nowybip.pl|54.1788|19.4247|54.179730750000004|19.42592461121618|
Powiatowa Stacja Sanitarno-Epidemiologiczna Ełk|warmińsko-mazurskie|ełcki|Ełk|Toruńska|6a/1|19-300|(87)621-77-50||(87)621-77-64||psse.elk@sanepid.olsztyn.pl|psse_elk@visacom.pl|www.bip.visacom.pl/psse_elk|53.8288|22.3517|53.8288601|22.3520011|node/1754825666
Powiatowa Stacja Sanitarno-Epidemiologiczna Giżycko|warmińsko-mazurskie|giżycki|Giżycko|Suwalska|3|11-500|(87)428-54-98||(87) 428-58-74||psse.gizycko@sanepid.olsztyn.pl||pssegizycko.bip.visacom.pl|54.0365|21.7840|54.0365647|21.78401985088084|
Powiatowa Stacja Sanitarno-Epidemiologiczna Gołdap|warmińsko-mazurskie|gołdapski|Gołdap|Wolności|11|19-500|(87)615-15-47||(87)615-06-77||psse_goldap@sanepid.mail.pl|psse_goldap@visacom.pl|www.bip.visacom.pl/psse_goldap|54.3049|22.3014|54.304886350000004|22.30147910357201|
Powiatowa Stacja Sanitarno-Epidemiologiczna Iława|warmińsko-mazurskie|iławski|Iława|Sienkiewicza|10|14-200|(89)649-04-20||(89)649-04-21||psse.ilawa@sanepid.olsztyn.pl||www.bip.visacom.pl/psse_ilawa|53.5991|19.5519|53.599159650000004|19.551989472402717|
Powiatowa Stacja Sanitarno-Epidemiologiczna Kętrzyn|warmińsko-mazurskie|kętrzyński|Kętrzyn|Plac Marsz. J. Piłsudskiego|5|11-400|(89) 754-21-40|89754-21-77|(89)754-21-41|89754-21-75|psse.ketrzyn@sanepid.olsztyn.pl|psse.ketrzyn@pis.gov.pl|www.bip.visacom.pl/psse_ketrzyn|54.0784|21.3719|54.078394900000006|21.37198313425413|
Powiatowa Stacja Sanitarno-Epidemiologiczna Lidzbark Warmiński|warmińsko-mazurskie|lidzbarski|Lidzbark Warmiński|Orła Białego|6|11-100|(89)767-23-22||(89)767-25-82||psse.lidzbarkwarm@sanepid.olsztyn.pl||www.lidzbarkwarm.com|54.1250|20.5862|54.1250347|20.586218|
Powiatowa Stacja Sanitarno-Epidemiologiczna Mrągowo|warmińsko-mazurskie|mrągowski|Mrągowo|Królewiecka|60B|11-700|(89)741-26-34||(89)741-09-60||psse.mragowo@sanepid.olsztyn.pl|psse.mragowo.sekretariat@sanepid.olsztyn.pl|www.bip.visacom.pl/psse_mragowo|53.8760|21.3051|53.87595905|21.305149631473505|
Powiatowa Stacja Sanitarno-Epidemiologiczna Nidzica|warmińsko-mazurskie|nidzicki|Nidzica|Żeromskiego|8|13-100|(89)625-20-81||(89)625-83-20||psse.nidzica@sanepid.olsztyn.pl|psse.nidzica@pis.gov.pl|www.sanepid.nidzica.pl|53.3578|20.4282|53.357856|20.428262336553477|
Powiatowa Stacja Sanitarno-Epidemiologiczna Nowe Miasto Lubawskie|warmińsko-mazurskie|nowomiejski|Nowe Miasto Lubawskie|Grunwaldzka|3|13-300|(56)474-26-92||(56)491-14-08||psse.nowemiastolubawskie@sanepid.olsztyn.pl||psse.nowemiastolubawskie.ibip.pl/public|53.4276|19.5881|53.42752|19.58821|
Powiatowa Stacja Sanitarno-Epidemiologiczna Olecko|warmińsko-mazurskie|olecki|Olecko|Wojska Polskiego|13|19-400|(87)520-30-55||(87)520-20-65||psse.olecko@sanepid.olsztyn.pl||www.visacom.pl/bip2/?ident=12&layout=|54.0356|22.4965|54.03565|22.49633|
Powiatowa Stacja Sanitarno-Epidemiologiczna Olsztyn|warmińsko-mazurskie|olsztyński|Olsztyn|Żołnierska|16|10-561|(89) 527-43-10||(89) 527-43-10||psse_olsztyn@visacom.pl||bip.visacom.pl/psse_olsztyn|53.7706|20.4904|53.76873285|20.49036068719512|
Powiatowa Stacja Sanitarno-Epidemiologiczna Ostróda|warmińsko-mazurskie|ostródzki|Ostróda|Kościuszki|2|14-100|(89)646-08-70||(89)646-08-80||psse_ostroda@visacom.pl|psse.ostroda@sanepid.olsztyn.pl|www.bip.visacom.pl/psse_ostroda|53.6967|19.9631|53.6967549|19.9632089|
Powiatowa Stacja Sanitarno-Epidemiologiczna Pisz|warmińsko-mazurskie|piski|Pisz|Warszawska|5|12-200|(87)423-23-78||(87)423-27-80||psse.pisz@sanepid.olsztyn.pl||www.bip.visacom.pl/psse_pisz|53.6259|21.8125|53.6258577|21.8125596|way/865957350
Powiatowa Stacja Sanitarno-Epidemiologiczna Szczytno|warmińsko-mazurskie|szczycieński|Szczytno|M.Skłodowskiej-Curie|8|12-100|(89)624-87-31|(89)624-25-53|(89)623-24-20||psse.szczytno@sanepid.olsztyn.pl|psse@sanepid.szczytno.pl|www.sanepid.szczytno.pl|53.5580|20.9874|53.5580607|20.9874015|node/6501407544
Powiatowa Stacja Sanitarno-Epidemiologiczna Węgorzewo|warmińsko-mazurskie|węgorzewski|Węgorzewo|3 Maja|17B|11-600|(87)427-28-13||(87)427-28-83||psse.wegorzewo@sanepid.olsztyn.pl|psse_wegorzewo@visacom.pl|http://www.pssewegorzewo.bip.visacom.pl|54.2074|21.7379|54.207411300000004|21.738005616612906|
Wojewódzka Stacja Sanitarno-Epidemiologiczna w Poznaniu|Wielkopolskie||Poznań|ul. Noskowskiego|23|61-705|61 854 48 02||61 852 50 03||wsse.poznan@pis.gov.pl|sekretariat@wssepoznan.pl|www.wsse-poznan.pl|52.4134|16.9167|52.4134631|16.91689925312837|
Powiatowa Stacja Sanitarno-Epidemiologiczna w Chodzieży|Wielkopolskie|chodzieski|Chodzież|ul. Składowa|5|64-800|67 282 02 72||67 282 02 73||psse.chodziez@pis.gov.pl|sekretariat@psse-chodziez.pl|http://www.psse-chodziez.pl/|52.9914|16.9111|52.99148125|16.910997752354554|
Powiatowa Stacja Sanitarno-Epidemiologiczna w Czarnkowie|Wielkopolskie|czarnkowsko-trzcianecki|Czarnków|ul. Zamkowa|8|64-700|67 255 22 40||67 255 82 26||psse.czarnkow@pis.gov.pl|sekretariat@psse-czarnkow.pl|http://www.psse-czarnkow.pl/|52.9051|16.5614|52.90452715|16.559070650407158|
Powiatowa Stacja Sanitarno-Epidemiologiczna w Gostyniu|Wielkopolskie|gostyński|Gostyń|ul. Przy Dworcu|4|63-800|65 572 30 89||65 572 14 66||psse.gostyn@pis.gov.pl|sekretariat@psse-gostyn.pl|http://www.psse-gostyn.pl/|51.8831|17.0060|51.8830836|17.0063387|node/5090007626
Powiatowa Stacja Sanitarno-Epidemiologiczna w Grodzisku|Wielkopolskie|grodziski|Grodzisk Wielkopolski|ul. Rakoniewicka|42|62-065|61 444 60 67||61 444 60 67||psse.grodziskwlkp@pis.gov.pl|sekretariat@psse-grodziskwlkp.pl|http://www.psse-grodzisk.pl/|52.2159|16.3633|52.21593|16.36306|
Powiatowa Stacja Sanitarno-Epidemiologiczna w Jarocinie|Wielkopolskie|jarociński|Jarocin|ul. Wąska|2|63-200|62 747 23 17||62 747 62 43||psse.jarocin@pis.gov.pl|sekretariat@psse-jarocin.pl|http://www.psse-jarocin.pl/|51.9714|17.5017|51.971631450000004|17.50191558933207|
Powiatowa Stacja Sanitarno-Epidemiologiczna w Kaliszu|Wielkopolskie|kaliski|Kalisz|ul. Kościuszki|6|62-800|62 767 76 10||62 767 76 42||psse.kalisz@pis.gov.pl|sekretariat@psse-kalisz.pl|http://www.psse-kalisz.pl/|51.7598|18.0839|51.761576|18.0809669|
Powiatowa Stacja Sanitarno-Epidemiologiczna w Kępnie|Wielkopolskie|kępiński|Kępno|ul. Pocztowa||63-600|62 782 32 38||62 782 32 38||psse.kepno@pis.gov.pl|sekretariat@psse-kepno.pl|http://psse-kepno.pl/|51.2797|17.9834|51.2800353|17.983631|
Powiatowa Stacja Sanitarno-Epidemiologiczna w Kole|Wielkopolskie|kolski|Koło|ul. Toruńska|72|62-600|63 272 22 79||63 272 22 79||psse.kolo@pis.gov.pl|sekretariat@psse-kolo.pl|http://www.psse-kolo.pl/|52.2025|18.6294|52.2022365|18.6292098|way/205446119
Powiatowa Stacja Sanitarno-Epidemiologiczna w Koninie|Wielkopolskie|koniński|Konin|ul. Staszica|16|62-500|63 243 90 52||63 246 49 50||psse.konin@pis.gov.pl|sekretariat@psse-konin.pl|http://www.psse-konin.pl/|52.2094|18.2512|52.209726849999996|18.25100062404183|
Powiatowa Stacja Sanitarno-Epidemiologiczna w Kościanie|Wielkopolskie|kościański|Kościan|ul. Ks. Bączkowskiego|5a|64-000|65 512 22 33||65 512 22 33||psse.koscian@pis.gov.pl|sekretariat@pssekoscian.pl|http://www.psse.koscian.pl|52.0888|16.6422|52.0888627|16.6419305|
Powiatowa Stacja Sanitarno-Epidemiologiczna w Krotoszynie|Wielkopolskie|krotoszyński|Krotoszyn|ul. Floriańska|10|63-700|62 725 26 35||62 722 05 91||sekretariat@psse-krotoszyn.pl|sekretariat@psse-krotoszyn.pl|http://www.psse-krotoszyn.pl/|51.6974|17.4348|51.6973974|17.4348596|
Powiatowa Stacja Sanitarno-Epidemiologiczna w Lesznie|Wielkopolskie|leszczyński|Leszno|ul. Niepodległości|66|64-100|65 526 15 15||65 526 21 41||psse.leszno@pis.gov.pl|sekretariat@psse-leszno.pl|http://www.psse-leszno.pl/|51.8458|16.5883|51.8457609|16.58836471356649|
Powiatowa Stacja Snitarno-Epidemiologiczna w Międzychodzie|Wielkopolskie|międzychodzki|Międzychód|ul. Strzelecka|12|64-400|95 748 24 08||95 748 35 01||sekretariat@psse-miedzychod.pl|sekretariat@psse-miedzychod.pl|http://www.psse-miedzychod.pl/|52.5959|15.8961|52.5958264|15.896009656493508|
Powiatowa Stacja Sanitarno-Epidemiologiczna w Nowym Tomyślu|Wielkopolskie|nowotomyski|Nowy Tomyśl|pl. Niepodległości|4|64-300|61 442 08 00||61 442 28 69||psse.nowytomysl@pis.gov.pl|sekretariat@psse-nowytomysl.pl|http://www.psse-nowytomysl.pl/|52.3172|16.1291|52.31724|16.12919|
Powiatowa Stacja Sanitarno-Epidemiologiczna w Obornikach|Wielkopolskie|obornicki|Oborniki|ul. Marsz. J. Piłsudskiego|76|64-600|61 296 04 07||61 296 05 58||psse.oborniki@pis.gov.pl|sekretariat@psse-oborniki.pl|http://www.psse-oborniki.pl/|52.6529|16.8193|52.652798|16.8192636|
Powiatowa Stacja Sanitarno-Epidemiologiczna w Ostrowie|Wielkopolskie|ostrowski|Ostrów Wielkopolski|pl. Stefana Rowińskiego|3|63-400|62 737 89 00||62 737 89 20||psse.ostrowwlkp@pis.gov.pl|sekretariat@psse-ostrowwlkp.pl|http://www.psse-ostrow.pl/|51.6487|17.8191|51.6488818|17.8191586|way/303617131
Powiatowa Stacja Sanitarno-Epidemiologiczna w Ostrzeszowie|Wielkopolskie|ostrzeszowski|Ostrzeszów|ul. Gen. Sikorskiego|58|63-500|62 732 07 70||62 732 07 70||psse.ostrzeszow@pis.gov.pl|sekretariat@psse-ostrzeszow.pl|http://www.psse-ostrzeszow.pl/|51.4193|17.9306|51.4137058|17.9351046|
Powiatowa Stacja Sanitarno-Epidemiologiczna w Pile|Wielkopolskie|pilski|Piła|al. Wojska Polskiego|43|64-920|67 212 52 98||67 351 98 80||psse.pila@pis.gov.pl|sekretariat@psse-pila.pl|http://www.psse-pila.pl/|53.1529|16.7163|53.1525250|16.7171016|node/10542085231
Powiatowa Stacja Sanitarno-Epidemiologiczna w Pleszewie|Wielkopolskie|pleszewski|Pleszew|ul. Poznańska|30|63-300|62 508 13 30||62 508 13 30||psse.pleszew@pis.gov.pl|sekretariat@psse-pleszew.pl|http://www.psse-pleszew.pl/|51.8967|17.7824|51.8971851|17.7821643|way/295507738
Powiatowa Stacja Sanitarno-Epidemiologiczna w Poznaniu|Wielkopolskie|poznański|Poznań|ul. Gronowa|22|61-655|61 646 78 51||61 646 78 41||psse.poznan@pis.gov.pl|sekretariat@psse-poznan.pl|http://www.psse-poznan.pl/|52.4299|16.9344|52.4299094|16.93452854209555|
Powiatowa Stacja Sanitarno-Epidemiologiczna w Rawiczu|Wielkopolskie|rawicki|Rawicz|ul. Wały Jarosława Dąbrowskiego|2|63-900|65 545 39 37||65 545 39 37||psse.rawicz@pis.gov.pl|sekretariat@psse-rawicz.pl|http://www.psse-rawicz.pl/|51.6115|16.8550|51.6114362|16.85416013865789|
Powiatowa Stacja Sanitarno-Epidemiologiczna w Słupcy|Wielkopolskie|słupecki|Słupca|ul. Kościuszki|9|62-400|63 274 36 42||63 274 36 43||psse.slupca@pis.gov.pl|sekretariat@psse-slupca.pl|http://bip.psse-slupca.pl/|52.2881|17.8740|52.2880514|17.874256548698156|
Powiatowa Stacja Sanitarno-Epidemiologiczna w Szamotułach|Wielkopolskie|szamotulski|Szamotuły|ul. B.Chrobrego|8|64-500|61 292 15 24||61 292 15 24||psse.szamotuly@pis.gov.pl|sekretariat@psse-szamotuly.pl|http://www.psse-szamotuly.pl/|52.5995|16.5884|52.5995808|16.58792678449847|
Powiatowa Stacja Sanitarno-Epidemiologiczna w Śremie|Wielkopolskie|śremski|Śrem|ul. Wiejska|2|63-100|61 283 54 75||61 283 54 91||psse.srem@pis.gov.pl|sekretariat@psse-srem.pl|http://www.psse-srem.pl/|52.0801|17.0298|52.08012575|17.029927594415696|
Powiatowa Stacja Sanitarno-Epidemiologiczna w Środzie|Wielkopolskie|średzki|Środa Wielkopolska|ul. Żwirki i Wigury|1|63-000|61 286 70 80||61 285 41 76||psse.srodawlkp@pis.gov.pl|sekretariat@psse-srodawlkp.pl|www.psse-sroda.pl/|52.2272|16.3637|52.2256304|17.28443637832853|
Powiatowa Stacja Sanitarno-Epidemiologiczna w Turku|Wielkopolskie|turecki|Turek|ul. Uniejowska|1a|62-700|63 280 36 82||63 280 36 99||psse.turek@pis.gov.pl|sekretariat@psse-turek.pl|http://www.psse-turek.pl/|52.0142|18.5045|52.01429|18.50448|
Powiatowa Stacja Sanitarno-Epidemiologiczna w Wągrowcu|Wielkopolskie|wągrowiecki|Wągrowiec|ul. Gnieźnieńska|49|62-100|67 268 56 80||67 268 56 80||psse.wagrowiec@pis.gov.pl|sekretariat@psse-wagrowiec.pl|http://www.psse-wagrowiec.pl/|52.7990|17.2143|52.798564150000004|17.216834127064566|
Powiatowa Stacja Sanitarno-Epidemiologiczna w Wolsztynie|Wielkopolskie|wolsztyński|Wolsztyn|ul. M. Drzymały|16|64-200|68 347 32 49||68 384 20 23||psse.wolsztyn@pis.gov.pl|sekretariat@psse-wolsztyn.pl|http://www.psse-wolsztyn.pl/|52.1233|16.1228|52.123073|16.122799|
Powiatowa Stacja Sanitarno-Epidemiologiczna we Wrześni|Wielkopolskie|wrzesiński|Września|ul. Wrocławska|42|62-300|61 436 07 32||61 640 32 06||psse.wrzesnia@pis.gov.pl|sekretariat@psse-wrzesnia.pl|http://www.psse-wrzesnia.pl|52.3182|17.5578|52.32008525|17.55921426069538|
Powiatowa Stacja Sanitarno-Epidemiologiczna w Złotowie|Wielkopolskie|złotowski|Złotów|ul. Hubego|1|77-400|67 349 16 91||67 349 16 92||psse.zlotow@pis.gov.pl|sekretariat@psse-zlotow.pl|http://www.psse-zlotow.pl/|53.3689|17.0251|53.3695284|17.025624716767556|
Wojewódzka Stacja Sanitarno-Epidemiologiczna w Szczecinie|zachodniopomorskie|Szczecin|Szczecin|ul. Spedytorska|06-07|70-632|91 462 40 60||91 462 46 40||wsse.szczecin@pis.gov.pl|kancelaria@wsse.szczecin.pl|www.wsse.szczecin.pl|53.4150|14.5553|53.4149305|14.5554802|node/7288597652
Powiatowa Stacja Sanitarno-Epidemiologiczna w Białogardzie|zachodniopomorskie|białogardzki|Białogard|ul. Przechodnia|2|78-200|94 312 20 55||94 312 41 22||psse.bialogard@pis.gov.pl|psse.bialogard@wsse.szczecin.pl|pssebialogard.pis.gov.pl|54.0085|15.9889|54.0085466|15.988821|
Powiatowa Stacja Sanitarno-Epidemiologiczna w Choszcznie|zachodniopomorskie|choszczeński|Choszczno|ul. Bolesława Chrobrego|27 A|73-200|95 765 72 82||||psse.choszczno@pis.gov.pl|psse.choszczno@wsse.szczecin.pl|pssechoszczno.pis.gov.pl|53.1746|15.4128|53.16381545|15.423568804254682|
Powiatowa Stacja Sanitarno-Epidemiologiczna w Drawsku Pomorskim|zachodniopomorskie|drawski|Drawsko Pomorskie|ul. Sobieskiego|1|78-500|94 363 61 95|94 314 17 41|94 363 61 02||psse.drawskopomorskie@pis.gov.pl|psse.drawskopomorskie@wsse.szczecin.pl|pssedrawskopomorskie.pis.gov.pl|53.5253|15.8158|53.52529275|15.815746793607003|
Powiatowa Stacja Sanitarno-Epidemiologiczna w Goleniowie|zachodniopomorskie|goleniowski|Goleniów|ul. Pocztowa|36|72-100|91 418 31 95||91 418 23 22||psse.goleniow@pis.gov.pl|psse.goleniow@wsse.szczecin.pl|pssegoleniow.pis.gov.pl|53.3348|14.4959|53.5635083|14.8331550|way/362896046
Powiatowa Stacja Sanitarno-Epidemiologiczna w Gryficach|zachodniopomorskie|gryficki|Gryfice|ul. Nowy Świat|6|72-300|91 387 83 19||91 387 83 20||psse.gryfice@pis.gov.pl|psse.gryfice@wsse.szczecin.pl|pssegryfice.pis.gov.pl|53.9201|15.1933|53.9200156|15.1965525|node/8524107531
Powiatowa Stacja Sanitarno-Epidemiologiczna w Gryfinie|zachodniopomorskie|gryfiński|Gryfino|ul. Flisacza|6|74-100|91 416 38 58||91 416 23 43||psse.gryfino@pis.gov.pl|sekretariat@pssegryfino.pl|pssegryfino.pis.gov.pl|53.2600|14.4897|53.2577681|14.488773|
Powiatowa Stacja Sanitarno-Epidemiologiczna w Kamieniu Pomorskim|zachodniopomorskie|kamieński|Kamień Pomorski|ul. Wolińska|7B|72-400|91 382 01 44||91 382 41 70||psse.kamienpomorski@pis.gov.pl|psse.kamienpomorski@wsse.szczecin.pl|pssekamienpomorski.pis.gov.pl|53.9624|14.7751|53.9628109|14.777476991933954|
Powiatowa Stacja Sanitarno-Epidemiologiczna w Kołobrzegu|zachodniopomorskie|kołobrzeski|Kołobrzeg|ul. Waryńskiego|8|78-100|94 352 35 54||94 352 30 13||psse.kolobrzeg@pis.gov.pl|psse.kolobrzeg@wsse.szczecin.pl|www.gov.pl/web/psse-kolobrzeg|54.1757|15.5834|54.1801628|15.57231535957052|
Powiatowa Stacja Sanitarno-Epidemiologiczna w Koszalinie|zachodniopomorskie|Koszalin|Koszalin|ul. Zwycięstwa|136|75-613|91 342 40 85||94 342 53 57||psse.koszalin@pis.gov.pl|psse.koszalin@wsse.szczecin.pl|pssekoszalin.pis.gov.pl|54.1902|16.1956|54.19013635|16.19621729517072|
Powiatowa Stacja Sanitarno-Epidemiologiczna w Myśliborzu|zachodniopomorskie|myśliborski|Myślibórz|ul. Pólnocna|15|74-300|95 747 56 16||95 747 65 13||sekretariat@pssemysliborz.pl|psse.mysliborz@wsse.szczecin.pl|pssemysliborz.pis.gov.pl|52.9271|14.8609|52.92708625|14.861383771003618|
Powiatowa Stacja Sanitarno-Epidemiologiczna w Policach|zachodniopomorskie|policki|Police|ul. Kresowa|14|72-010|91 424 12 32||91 312 20 32||psse.police@pis.gov.pl|psse.police@wsse.szczecin.pl|pssepolice.pis.gov.pl|53.5450|14.5439|53.5449487|14.5438719|node/5518083676
Powiatowa Stacja Sanitarno-Epidemiologiczna w Pyrzycach|zachodniopomorskie|pyrzycki|Pyrzyce|ul. Młodych Techników||74-200|91 570 34 28||91 570 34 29||psse.pyrzyce@pis.gov.pl|psse.pyrzyce@wsse.szczecin.pl|pssepyrzyce.pis.gov.pl|53.1294|14.8845|53.1320221|14.8841326|
Powiatowa Stacja Sanitarno-Epidemiologiczna w Sławnie|zachodniopomorskie|sławieński|Sławno|ul. Sempołowskiej||76-100|59 810 73 11||59 810 73 11||psse.slawno@pis.gov.pl|psse.slawno@wsse.szczecin.pl|psseslawno.pis.gov.pl|54.3680|16.6817|54.36856|16.68177|
Powiatowa Stacja Sanitarno-Epidemiologiczna w Stargardzie|zachodniopomorskie|stargardzki|Stargard|ul. Czarnieckiego|34|73-110|91 561 26 10||91 561 26 13||psse.stargard@pis.gov.pl|psse.stargard@wsse.szczecin.pl|pssestargardszczecinski.pis.gov.pl|53.2014|15.0221|53.3374181|15.03921623951613|
Powiatowa Stacja Sanitarno-Epidemiologiczna w Szczecinie|zachodniopomorskie|Szczecin|Szczecin|ul. Wincentego Pola|6|71-342|91 487 03 13||91 486 11 41||psse.szczecin@pis.gov.pl|sekretariat@psse.szczecin.pl|psseszczecin.pis.gov.pl|53.4509|14.5147|53.4507133|14.5148684|node/6368652201
Powiatowa Stacja Sanitarno-Epidemiologiczna w Szczecinku|zachodniopomorskie|szczecinecki|Szczecinek|ul. Ordona|22|78-400|94 374 05 59||94 374 05 59||psse.szczecinek@pis.gov.pl|psse.szczecinek@wsse.szczecin.pl|psseszczecinek.pis.gov.pl|53.7103|16.6830|53.7103113|16.683650024835934|
Powiatowa Stacja Sanitarno-Epidemiologiczna w Świdwinie|zachodniopomorskie|świdwiński|Świdwin|ul. Drawska|38|78-300|94 365 30 24|94 365 26 84|94 365 30 24||psse.swidwin@pis.gov.pl|psse.swidwin@wsse.szczecin.pl|psseswidwin.pis.gov.pl|53.7683|15.7726|53.768203400000004|15.7726840890721|
Powiatowa Stacja Sanitarno-Epidemiologiczna w Świnoujściu|zachodniopomorskie|Świnoujście|Świnoujście|ul. Dąbrowskiego|4|72-600|91 321 24 94||91 321 24 94||psse.swinoujscie@pis.gov.pl|psse.swinoujscie@wsse.szczecin.pl|psseswinoujscie.pis.gov.pl|53.9097|14.2473|53.9098232|14.2473837|
Powiatowa Stacja Sanitarno-Epidemiologiczna w Wałczu|zachodniopomorskie|wałecki|Wałcz|al. Zdobywców Wału Pomorskiego|54|78-600|67 258 23 31||67 258 23 31||psse.walcz@pis.gov.pl|psse.walcz@wsse.szczecin.pl|pssewalcz.pis.gov.pl|53.2669|16.4609|53.2669543|16.4608515|node/10544439382
Wojewódzka Stacja Sanitarno-Epidemiologiczna w Bydgoszczy|kujawsko-pomorskie||Bydgoszcz|Kujawska|4|85-031|52 376-18-00||52 345-98-40||wsse.bydgoszcz@pis.gov.pl||www.pwisbydgoszcz.pl/|53.1186|18.0057|53.1187300|18.0054598|node/2779676801
Wojewódzka Stacja Sanitarno-Epidemiologiczna w Białymstoku|podlaskie||Białystok|Legionowa|8|15-099|85 740 85 40|85 732 70 22|85 740 48 99||sekretariat@bialystok.wsse.gov.pl||http://www.gov.pl/web/wsse-bialystok|53.1309|23.1603|53.1309354|23.1600534|way/236603295
