NAZWA,WOJEWÓDZTWO,POWIAT,MIEJSCOWOŚĆ,ULICA,NRDOMU,KOD POCZTOWY,NRTEL,NR TELEFONU 2 wraz z nr kierunkowym,NRFAX,NR FAXU 2 wraz z nr kierunkowym,EMAIL,ADRES 2 E-MAIL URZĘDU,WWW,SZEROKOŚĆ GEOGRAFICZNA,DŁUGOŚĆ GEOGRAFICZNA
Powiatowy Inspektor Nadzoru Budowlanego dla miasta Gorzowa Wlkp.,lubuskie,gorzowski (powiat grodzki),Gorzów Wlkp.,Teatralna,49,66-400,957205105,,957226105,,sekretariat@miastogorzow.pinb.gov.pl ,,www.pinbgorzow.pl,52.7321,15.2455
Powiatowy Inspektor Nadzoru Budowlanego dla Miasta Zielona Góra,lubuskie,zielonogórski (powiat grodzki),Zielona Góra,Zjednoczenia ,110b,65-120,683218340,,683218340,,sekretariat@miastozielonagora.pinb.gov.pl,,www.pinb.bipzielonagora.pl,51.9527,15.4832
Powiatowy Inspektor Nadzoru Budowlanego w Drezdenku,lubuskie,strzelecko-drezdenecki,Drezdenko,Kościuszki,31,66-530,957622042,,957622042,,sekretariat@drezdenko.pinb.gov.pl,,http://bip.wrota.lubuskie.pl/pinb-drezdenko/,52.8394,15.8314
Powiatowy Inspektor Nadzoru Budowlanego w Gorzowie Wlkp.,lubuskie,gorzowski (powiat ziemski),Gorzów Wlkp.,Pankiewicza,05-07,66-400,957330451,,957330452,,sekretariat@gorzow.pinb.gov.pl,,www.pinbwgorzowie.pl,52.7378,15.205
Powiatowy Inspektor Nadzoru Budowlanego w Krośnie Odrzańskim,lubuskie,krosnieński,Krosno Odrz.,Piastów,10B,66-600,683830251,,683835209,,sekretariat@krosnoodrzanskie.pinb.gov.pl,,www.bip.pinbko.lo.pl,52.056,15.1056
Powiatowy Inspektor Nadzoru Budowlanego w Międzyrzeczu,lubuskie,międzyrzecki,Międzyrzecz,Przemysłowa,2,66-300,957411219,504270702,957411219,,sekretariat@miedzyrzecz.pinb.gov.pl ,,www.bip.miedzyrzecz.lo.pl,52.4528,15.5834
Powiatowy Inspektor Nadzoru Budowlanego w Nowej Soli,lubuskie,nowosolski,Nowa Sól,Kossaka,24,67-100,684583855,,684583857,,sekretariat@nowasol.pinb.gov.pl,,www.pinb.powiat-nowosolski.pl,51.8017,15.7006
Powiatowy Inspektor Nadzoru Budowlanego w Słubicach,lubuskie,słubicki,Słubice,Piłsudskiego ,19,69-100,957582273,,957582273,,sekretariat@slubice.pinb.gov.pl,,www.pinb.bip.powiatslubicki.pl,52.3544,14.5668
Powiatowy Inspektor Nadzoru Budowlanego w Sulęcinie,lubuskie,sulęciński,Sulęcin,Lipowa,27,69-200,957552370,,957552370,,sekretariat@sulecin.pinb.gov.pl,,http://pinb.pl/prezentacje/lubuskie/sulecin/,52.4528,15.1171
Powiatowy Inspektor Nadzoru Budowlanego w Świebodzinie,lubuskie,świebodziński,Świebodzin,Wałowa,3,66-200,684754691,684754690,,,sekretariat@swiebodzin.pinb.gov.pl,,www.bip.wrota.lubuskie.pl/pinbswiebodzin,52.2489,15.531
Powiatowy Inspektor Nadzoru Budowlanego w Zielonej Górze,lubuskie,zielonogórski (powiat ziemski),Zielona Góra,Podgórna,5,65-057,684527557,,684527565,,sekretariat@zielonagora.pinb.gov.pl,,www.bip.pinbzg.lo.pl,51.9392,15.5121
Powiatowy Inspektor Nadzoru Budowlanego w Żaganiu,lubuskie,żagański,Żagań,Rybacka,38,68-100,684787496,,684787496,,sekretariat@zagan.pinb.gov.pl,,www.bip.wrota.lubuskie.pl/pinbzagan/,51.6124,15.3213
Powiatowy Inspektor Nadzoru Budowlanego w Żarach,lubuskie,żarski,Żary,Zwycięzców,3,68-200,683634416,683634416,683634415,,sekretariat@zary.pinb.gov.pl,,www.powiatzary.pl/d_pinb/pinb,51.6343,15.1276
Powiatowy Inspektor Nadzoru Budowlanego we Wschowie,lubuskie,wschowski,Wschowa,Plac Kosynierów,1c,67-400,655402110,,655402110,,sekretariat@wschowa.pinb.gov.pl,,http://pinb.pl/prezentacje/lubuskie/wschowa/,52.737,16.3263
Powiatowy Inspektorat Nadzoru Budowlanego w Wołominie ,mazowieckie,wołomiński ,Wołomin,Legionów ,78,05-200,22 776 44 94,,22 776 44 94,,pinb@powiat-wolominski.pl,,www.bip.powiat-wolominski.pl/index.php?cmd=zawartosc&opt=pokaz&id=2107,52.3388,21.2418
Powiatowy Inspektorat Nadzoru Budowlanego w Janowie Lubelskim,lubelskie,janowski (lubelski),Janów Lubelski,Zamoyskiego,59,23-300,158723480,-,158723480,-,pinb_janow@wp.pl,-,www.pinb.powiatjanowski.pl,50.7021,22.4189
Powiatowy Inspektorat Nadzoru Budowlanego w Lublinie (powiat ziemski),lubelskie,lubelski,Lublin,Hipoteczna,,20-027,81 532 29 49,504272378,,-,biuro@pinbpowiat.lublin.pl,-,http://www.pinbpowiat.lublin.pl,51.2471,22.5538
Powiatowy Inspektorat Nadzoru Budowlanego w Łukowie,lubelskie,łukowski,Łuków,Piłsudskiego,14,21-400,25 79 89 741,,25 79 89 741,-,pinblukow@wp.pl,-,www.pinb.lukow.pl,51.93033,22.37881
Powiatowy Inspektorat Nadzoru Budowlanego w Radzyniu Podlaskim,lubelskie,radzyński,Radzyn Podlaski,Ostrowiecka,18,21-300,83 352 74 15,-,-,-,pinbradzyn@pra.pl,-,www.pinbradzyn.bip.lubelskie.pl,51.7831,22.6205
Powiatowy Inspektorat Nadzoru Budowlanego w Zamościu (powiat ziemski),lubelskie,zamojski,Zamość,Partyzantów,3,22-400,846272841,-,846272841,-,pinbwzamosciu@op.pl,-,-,50.7157,23.2601
Powiatowy Inspektorat Nadzoru Budowlanego w Białej Podlaskiej (powiat grodzki),lubelskie,Miasto Biała Podlaska,Biała Podlaska,Piłsudskiego,05-07,21-500,83 342 18 32,83 342 02 72,-,-,pinb.bialapodlaska@onet.eu,-,-,52.0347,23.1175
Powiatowy Inspektorat Nadzoru Budowlanego w Białej Podlaskiej (powiat ziemski),lubelskie,bialski,Biała Podlaska,Brzeska ,41,21-500,83 351 13 39,-,83 351 13 29,-,pinb_bp@poczta.onet.pl,,pinbbialapodlaska.bip.lubelskie.pl,52.0206,23.0735
Powiatowy Inspektorat Nadzoru Budowlanego w Biłgoraju,lubelskie,biłgorajski,Biłgoraj,Bohaterów Monte Cassino,38,23-400,846867093,-,846867093,-,pinbbilgoraj@op.pl,-,http://pinbbilgoraj.nbip.pl,50.5280,22.7170
Powiatowy Inspektorat Nadzoru Budowlanego w Chełmie (powiat grodzki),lubelskie,Miasto Chełm,Chełm,Pl. Niepodległości ,1,22-100,82 56 27 581,82 56 27 582,82 56 27 581,-,pinb.miasta.chelma@poczta.fm,-,pinbmchelma.bip.gov.pl,51.1328,23.4950
Powiatowy Inspektorat Nadzoru Budowlanego w Chełmie (powiat ziemski),lubelskie,chełmski,Chełm,Pl. Niepodległości,1,22-100,82 562 75 78,82 562 75 79,82 562 75 78,,pinb@powiatchelmski.pl,-,www.powiat.chelm.pl,51.1333,23.4943
Powiatowy Inspektorat Nadzoru Budowlanego w Hrubieszowie,lubelskie,hrubieszowski,Hrubieszów,Plac Wolności,8,22-500,846962904,-,846962904,-,pinb.hrub@op.pl,-,-,50.8048,23.8914
Powiatowy Inspektorat Nadzoru Budowlanego w Łęcznej,lubelskie,łęczyński,Łęczna,Al. Jana Pawła II,95,21-010,817523233,-,817523233,-,pinb.leczna@neostrada.pl,pinb.leczna@gmail.com,https://pinbleczna.bip.gov.pl,51.2987,22.8867
Powiatowy Inspektorat Nadzoru Budowlanego w Opolu Lubelskim,lubelskie,opolski (lubelski),Opole Lubelskie,Parkowa,2,24-300,81 8272732,601587973,81 8272732,-,pinbopole@op.pl,-,www.pinbopolelub.e-bip.org.pl,51.1451,21.9502
Powiatowy Inspektorat Nadzoru Budowlanego w Rykach,lubelskie,rycki,Ryki,Wyczółkowskiego,10A,08-500,81 86 53 211,-,81 86 53 211,-,pinbryki@wp.pl,-,pinbryki.wordpress.com,51.6246,21.9270
Powiatowy Inspektorat Nadzoru Budowlanego w Świdniku,lubelskie,świdnicki,Świdnik ,Al. Lotników Polskich,1,21-045,81 468 70 78,-,81 468 70 78,-,pinb10@o2.pl,-,www.swidnik.pinb.pl,51.2271,22.6995
Powiatowy Inspektorat Nadzoru Budowlanego w Zamościu (powiat grodzki),lubelskie,Miasto Zamość,Zamość,Kolegiacka,14,22-400,84 639-28-22,-,84 639-28-22,-,pinb@pinb.zamosc.pl,-,https://bip.pinb.zamosc.pl,50.7168,23.2512
Powiatowy Inspektorat Nadzoru Budowlanego w Krasnymstawie,lubelskie,krasnostawski,Krasnystaw,Sobieskiego,3,22-300,82 576 66 43,82 576 72 86 wew. 160,170,148,82 576 66 43,-,pinbkrasnystaw@onet.pl,,www.pinbkrasnystaw.nbip.pl
Powiatowy Inspektorat Nadzoru Budowlanego dla miasta Częstochowy,śląskie,m. Częstochowa,Częstochowa,ul. Św. Brata Alberta ,6,42-200,34 365 18 31,nd,34 365 18 31,nd,pinbdlam.czestochowy@interia.pl,nd,nd,50.8462,19.1252
Powiatowy Inspektorat Nadzoru Budowlanego dla miasta Skierniewice,łódzkie,miasto Skierniewice,Skierniewice,Jagiellońska,29,96-100,046-833-3914,,046-833-3914,,nadzor@skierniewice.pinb.gov.pl,,skierniewice.pinb.gov.pl,51.5733,20.8412
Powiatowy Inspektorat Nadzoru Budowlanego dla m. Elbląga,warmińsko-mazurskie,m. Elbląg,Elbląg,Wojska Polskiego,1,82-300,(55)643-34-51,(55) 643-34-52,(55) 643 34 51  wew. 18,,elblag@pinb.pl,,www.elblag.pinb.pl,54.1557,19.4188
Powiatowy Inspektorat Nadzoru Budowlanego dla m. Olsztyna,warmińsko-mazurskie,m. Olsztyn,Olsztyn,Kołobrzeska,27,10-431,(89)534-94-30,,(89)534-94-30,,biuro@pinbolsztyn.pl,,www.pinbolsztyn.pl,53.7792,20.5073
Powiatowy Inspektorat Nadzoru Budowlanego dla m. st. Warszawy,mazowieckie,m.st. Warszawa,Warszawa,Bitwy Warszawskiej 1920 r. ,11,02-366,22 326 15 42,22 326 15 00,22 326 15 41,22 326 15 10,sekretariat@pinb.waw.pl,sekretiat@pinb.pol.pl,www.pinb.waw.pl,52.2128,20.9699
Powiatowy Inspektorat Nadzoru Budowlanego dla miasta Bielska-Białej,śląskie,m. Bielsko-Biała,Bielsko-Biała,ul. Plac Ratuszowy ,9,43-300,33 497 17 12,nd,33 497 17 13,nd,bielskobiala@pinb.pl,nd,www.bielskobiala.pinb.pl,49.8211,19.0516
Powiatowy Inspektorat Nadzoru Budowlanego dla miasta Gliwice,śląskie,m. Gliwice,Gliwice,ul. Ziemowita,1,44-100,32 332 14 97,nd,32 332 14 96,nd,pinb.gliwice@wp.pl,nd,www.pinbgliwice.pl,50.3042,18.6593
Powiatowy Inspektorat Nadzoru Budowlanego dla miasta Jastrzębie-Zdrój,śląskie,m. Jastrzębie-Zdrój,Jastrzębie-Zdrój,ul. Al. Piłsudskiego,60,44-335,32 478 53 89,324785233,32 478 52 39,nd,poczta@pinb.jastrzebie.pl,nd,www.bip.jastrzebie.pl,49.9526,18.6118
Powiatowy Inspektorat Nadzoru Budowlanego dla miasta Jelenia Góra,dolnośląskie,miasto Jelenia Góra,Jelenia Góra,Wojska Polskiego,18,58-500,75 753 56 01,,,,jeleniagoramiasto@winb.wroc.pl,,http://powiat.jeleniogorski.sisco.info/?id=1995,50.9012,15.743
Powiatowy Inspektorat Nadzoru Budowlanego dla miasta Kalisz,Wielkopolskie,kaliski,Kalisz,ul. Franciszkańska,03.maj,62-800,62 765 49 90,,62 765 49 94,,sekretariat@pinb.kalisz.pl,,http://bip.pinb.kalisz.pl/,51.7617,18.0883
Powiatowy Inspektorat Nadzoru Budowlanego dla Miasta Kielce,Świętokrzyskie ,Grodzki ,Kielce ,Kozia ,3,25-514,41 348 03 66,,41 348 03 66,,sekretariat@kielcemiasto.pinb.gov.pl,,www.kielcemiasto.pinb.gov.pl,50.8726,20.631
Powiatowy Inspektorat Nadzoru Budowlanego dla miasta Konin,Wielkopolskie,koniński,Konin,ul. Witolda Sztarka,1,62-500,63 244 13 28,,63 240 12 20,,sekretariat@pinb.konin.pl,,http://www.pinb.konin.pl/,52.2121,18.2568
Powiatowy Inspektorat Nadzoru Budowlanego dla miasta Krosno,podkarpackie ,miasto na prawach powiatu (m. Krosno),Krosno,Bieszczadzka ,1,38-400,13 420 20 50,,13 420 20 50,,pinbkrosno@gmail.com,,http://pinb.umkrosno.pl/,49,6787
Powiatowy Inspektorat Nadzoru Budowlanego dla miasta Legnicy,dolnośląskie,miasto Legnica,Legnica,Wojska Polskiego,10 lok. 1,59-220,76 852 35 95,,,,legnicamiasto@winb.wroc.pl,,https://pinb-legnica-miasto.bip.gov.pl/,51.2019,16.1571
Powiatowy Inspektorat Nadzoru Budowlanego dla miasta Leszno,Wielkopolskie,leszczyński,Leszno,ul. Dekana,3b,64-100,65 619 35 56,,65 619 35 56,,pinbmiastoleszno@tlen.pl,,http://www.bip.leszno.pl/,51.8409,16.5974
Powiatowy Inspektorat Nadzoru Budowlanego dla miasta na prawach powiatu w Koszalinie,zachodniopomorskie,Koszalin,Koszalin ,ul. gen. Władysława Andersa,34,75-950,94 342 85 00,,94 348 85 00,,pinb-koszalin@szczecin.uw.gov.pl,biuro@pinb.koszalin.pl,www.pinb.koszalin.pl,54.1892,16.1932
Powiatowy Inspektorat Nadzoru Budowlanego dla Miasta Nowego Sącza,małopolskie,Nowy Sącz ,Nowy Sącz ,ul. Szwedzka ,5,33-300 ,18 442 20 33,18 443 70 03,18 442 20 33,,info@nowysacz.pinb.gov.pl,,http://bip.malopolska.pl/pinbmiastonowysacz,49.6232,20.6912
Powiatowy Inspektorat Nadzoru Budowlanego dla miasta Piotrków Trybunalski,łódzkie,Piotrków Trybunalski m.w.,Piotrków Tryb.,Krakowskie Przedmieście,73,97-300,(44)742 12 34,,(44)742 12 34,,pinb.m.piotrkow@poczta.onet.pl,,http://www.bip.pinbpiotrkow.wikom.pl/,51.3829,19.6957
Powiatowy Inspektorat Nadzoru Budowlanego dla Miasta Poznania,Wielkopolskie,poznański,Poznań,pl. Kolegiacki,17,61-841,61 878 55 95,,61 878 55 94,,pinb@um.poznan.pl,,http://www.pinb.poznan.pl/,52.4064,16.9353
Powiatowy Inspektorat Nadzoru Budowlanego dla miasta Przemyśl,podkarpackie ,miasto na prawach powiatu (m. Przemyśl),Przemyśl,Siemiradzkiego ,5,37-700,16 678 91 61,,16 678 91 61,,pinb@mprzemysl.pl,,http://www.pinb.mprzemysl.pl/,49.7805,
Powiatowy Inspektorat Nadzoru Budowlanego dla miasta Rybnika,śląskie,rybnicki,Rybnik,ul. Jankowicka ,1,44-200,32 422 26 58,324225275,32 442 26 58 (wewn. 0),324225275 (wewn. 0),rybnik@pinb.pl,nd,www.rybnik.pinb.pl,50.08982,
Powiatowy Inspektorat Nadzoru Budowlanego dla miasta Rzeszów,podkarpackie ,miasto na prawach powiatu (m. Rzeszów),Rzeszów,Bardowskiego ,2,35-005,17 748 43 50,,17 748 43 50,,pinb@pinb.erzeszow.pl,,https://bip.erzeszow.pl/pl/309-powiatowy-inspektorat-nadzoru-budowlanego.html,50.419,
Powiatowy Inspektorat Nadzoru Budowlanego dla miasta Tarnobrzeg,podkarpackie ,miasto na prawach powiatu (m. Tarnobrzeg),Tarnobrzeg,Kościuszki ,30,39-400,15 822 68 64,,15 822 68 64,,pinbmt@intria.pl,,http://pinbmt.pl,50.5724,
Powiatowy Inspektorat Nadzoru Budowlanego dla Miasta Tarnowa,małopolskie,Tarnów,Tarnów ,ul. Krupnicza,15,33-100 ,14 627 46 83,,14 627 46 83,,kontakt@tarnowmiasto.pinb.gov.pl,,https://bip.malopolska.pl/pinbtarnow,50.0120,20.9916
Powiatowy Inspektorat Nadzoru Budowlanego dla miasta Wałbrzycha,dolnośląskie,miasto Wałbrzych,Wałbrzych,J.Słowackiego,23a,58-300,74 648 85 50,,74 648 85 51,,walbrzychmiasto@winb.wroc.pl,,http://bip.walbrzychmiasto.pinb.powiat.pl/,50.7679,16.2802
Powiatowy Inspektorat Nadzoru Budowlanego dla miasta Wrocławia ,dolnośląskie,miasto Wrocław,Wrocław,Hubska,8 ? 16,50-502,71 799 68 00,,,,pinb@um.wroc.pl,,http://pinb.wroclaw.pl/,51.0943,17.0438
Powiatowy Inspektorat Nadzoru Budowlanego dla Powiatu Poznańskiego,Wielkopolskie,poznański,Poznań,ul. Zielona,8,61-851,61 859 34 55,61 859 34 58,61 859 34 55,,sekretariat@pinbdpp.pl,,http://pinb.powiatpoznan.ibip.pl/,52.4042,16.9345
Powiatowy Inspektorat Nadzoru Budowlanego dla powiatu tarnowskiego,małopolskie,tarnowski,Tarnów ,al. Solidarności,05.wrz,33-100,14 627 61 29,,14 627 61 29,,sekretariat@tarnowpowiat.pinb.gov.pl,,http://bip.malopolska.pl/pinbwtarnowie,50.0164,20.9843
Powiatowy Inspektorat Nadzoru Budowlanego Miasta Bydgoszczy,kujawsko-pomorskie,m.Bydgoszcz,Bydgoszcz,Grudziądzka,wrz.15,85-130,52 58 58 605,,52 58 58 605,,sekretariat pinbbydgoszcz.pl,,http://pinbbydgoszcz.pl/index.php?id=130,53.121,17.9931
Powiatowy Inspektorat Nadzoru Budowlanego Miasta Siedlce,mazowieckie,m. Siedlce,Siedlce,Józefa Piłsudskiego,45,08-110,25 794 39 70,,25 794 39 76,,kancelaria@pinb.siedlce.pl,,https://pinbmiastasiedlce.bip.gov.pl,52.1678,22.2719
Powiatowy Inspektorat Nadzoru Budowlanego Miasta Torunia,kujawsko-pomorskie,m.Toruń,Toruń, MARII SKŁODOWSKIEJ-CURIE,41A,87-100,56 652-25-43,56 652 25 25,56 652-25-42,, biuro@pinbpg.torun.com.pl,,http://www.bip.pinbpg.torun.com.pl/,53.0111,18.5932
Powiatowy Inspektorat Nadzoru Budowlanego Miasta Włocławek,kujawsko-pomorskie,m.Włocławek,Włocławek,Okrężna,25 bud.E,87-800,54 413-56-60,,54 413-56-60,,poczta@pinb-wloclawek.pl,,http://pinb-wloclawek.rbip.mojregion.info/,52.646,19.0765
Powiatowy Inspektorat Nadzoru Budowlanego Powiat Nowosądecki,małopolskie,nowosądecki,Nowy Sącz ,ul. Magazynowa ,7,33-300 ,18 547 51 60,18 547 51 70,18 547 51 60,,info@nowosadecki.pinb.gov.pl,,http://bip.malopolska.pl/pinbpowiatnowosadecki,49.5995,20.7249
Powiatowy Inspektorat Nadzoru Budowlanego powiatu grodzkiego w Białymstoku,podlaskie,białostocki,Białystok,Choroszczańska ,31,15-732 ,85 744 54 55,,85 744 54 55,,pinbialystok@op.pl,,http://bip.pinbpg.wrotapodlasia.pl/,53.1394,23.1715
Powiatowy Inspektorat Nadzoru Budowlanego powiatu grodzkiego w Łomży,podlaskie,łomżyński,Łomża,Farna,1,18-400,86 214 12 42 ,,86 215 67 06 ,,pinbpglomza@wp.pl,,https://pinbpglomza.bip.gov.pl/,53.1789,22.0822
Powiatowy Inspektorat Nadzoru Budowlanego powiatu grodzkiego w Suwałkach,podlaskie,suwalski,Suwałki,Mickiewicza ,15,16-400,87 562 70 73,,87 562 70 73,,pinbmsuwalki@o2.pl,,https://pinb_m_suwalki.bip.gov.pl/,54.0986,22.9247
Powiatowy Inspektorat Nadzoru Budowlanego w Bełchatowie,łódzkie,Bełchatowski,Bełchatów,Kościuszki,13,97-400,44 633 29 06,,44 633 29 06,,nadzor@pinb-belchatow.lo.pl,,www.pinb-belchatow.lo.pl,51.3664,19.3693
Powiatowy Inspektorat Nadzoru Budowlanego w Brzezinach,łódzkie,Brzeziny,Brzeziny,Sienkiewicza,11,95-060,46-874-1285,,46-874-1285,,pinb-brze@o2.pl,,www.pinb-brzeziny.4bip.pl,51.7999,19.7577
Powiatowy Inspektorat Nadzoru Budowlanego w Kutnie,łódzkie,Kutno,Kutno,Wilcza,2A,99-300,24 355 47 01,,24 355 47 01,,pinb.kutno@poczta.onet.pl,,www.kutno.pinb.pl,52.2272,19.3687
Powiatowy Inspektorat Nadzoru Budowlanego w Łasku,łódzkie,Łaski,Łask,9 Maja,33,98-100,436753419,,436753419,,sekretariat@pinb-lask.pl,,www.pinb-lask.pl,51.3521,19.8263
Powiatowy Inspektorat Nadzoru Budowlanego w Łęczycy,łódzkie,Łęczycki,Łęczyca,A.Mickiewicza,18,99-100,24/7218674,,24/721-89-03,,pinbleczyca@op.pl,,www.pinbleczyca.eu,52.0486,19.2149
Powiatowy Inspektorat Nadzoru Budowlanego w Łodzi m.w,łódzkie,Łódź m.w.,Łódź,Warecka,3,91-202,42 655 98 30,42 655 98 31,42/655-98-39,,pinb@mazurek.man.lodz.pl,,www.pinb.lodz.pl,51.7973,19.4029
Powiatowy Inspektorat Nadzoru Budowlanego w Łodzi-Wschód,łódzkie,Łódź-Wschód,Łódź,Narutowicza,7/9.,90-117,042-632-78-81,,,,pinb@lodzkiwschodni.pl,,www.pinblodzkiwschodni.pl,51.7703,19.4585
Powiatowy Inspektorat Nadzoru Budowlanego w Łowiczu,łódzkie,łowicki,Łowicz,Stanisława Stanisławskiego,30A,99-400,046-837-0347,601-611-882,046-837-0347,,pinb.lowicz@op.pl,,www.bip.pinb-lowicz.lo.pl,52.1021,19.9319
Powiatowy Inspektorat Nadzoru Budowlanego w Makowie Mazowieckim,mazowieckie,makowski,Maków Mazowiecki,Adama Mickiewicza,30,06-200,29 717 07 57,,29 717 07 57,,pinb-makow@wp.pl,,www.pinbmakowmazowiecki.bip.gov.pl/,52.8653,21.0923
Powiatowy Inspektorat Nadzoru Budowlanego w Mińsku Mazowieckim,mazowieckie,miński,Mińsk Mazowiecki,Konstytucji 3 Maja,16,05-300,25 756 40 31,25 756 40 35,25 756 40 31 ,,pinb@powiatminski.pl,,,52.1796,21.5633
Powiatowy Inspektorat Nadzoru Budowlanego w Opocznie,łódzkie,Opoczyński,Opoczno,Generała Kazimierza Bończy-Załęskiego ,1A,26-300,044 755 00 82,,044 755 00 82,,pinbopoczno@op.pl,,www.pinbopoczno.lo.pl,51.3760,20.2881
Powiatowy Inspektorat Nadzoru Budowlanego w Pabianicach,łódzkie,Pabianicki,Pabianice,Partyzancka,56,95-200,042 215-47-77,,042 215-60-26,,nadzor@pinb-pabianice.pl,,www.pinb-pabianice.pl,51.6698,19.3559
Powiatowy Inspektorat Nadzoru Budowlanego w Pajęcznie,łódzkie,Pajęczański,Pajęczno,Sienkiewicza,5,98-330,034-311-32-27,,034-311-32-27,,pinbpajeczno@wp.pl,,http://www.bip.pinbpajeczno.lo.pl/,51.1494,18.9889
Powiatowy Inspektorat Nadzoru Budowlanego w Piotrkowie Trybunalskim,łódzkie,Piotrków Trybunalski,Piotrków Tryb.,Sienkiewicza,16A,97-300,44/7327833,,44/732-78-33,,pinb.piotrkow@esc.org.pl,,,51.4106,19.6361
Powiatowy Inspektorat Nadzoru Budowlanego w Poddębicach,łódzkie,Poddębice,Poddębice,Łęczycka,16,99-200,043-678-78-54,043-678-78-55,043-678-78-55,,pinbpod@wp.pl,pinb@poddebicki.pl,www.pinb.poddebicki.pl,51.8948,18.9658
Powiatowy Inspektorat Nadzoru Budowlanego w Radomsku,łódzkie,Radomszczański,Radomsko,Leszka Czarnego,22,97-500,044-685-8969,044-685-8970,044-683-4335,,pinb@radomszczanski.pl,,pinb-radomszczanski.lo.pl,51.0594,19.4485
Powiatowy Inspektorat Nadzoru Budowlanego w Rawie Mazowieckiej,łódzkie,Rawa Mazowiecka,Rawa Mazowiecka,Kościuszki,5,96-200,046-814-6070,,046-814-6070,,pinb@powiatrawski.pl,,www.pinbrawa.pl,51.7636,20.2502
Powiatowy Inspektorat Nadzoru Budowlanego w Sieradzu,łódzkie,Sieradzki,Sieradz,Plac Wojewódzki,3,98-200,043-822-3199,,043-822-3199,,pinbsieradz@wp.pl,,www.bip.pinbsieradz.lo.pl,51.5936,18.7325
Powiatowy Inspektorat Nadzoru Budowlanego w Skierniewicach,łódzkie,Skierniewicki,Skierniewice,Konstytucji 3 Maja,6,96-100,46-834-5963,,46-834-5963,,skierniewice@pinb.pl,,skierniewice.pinb.pl,51.9603,20.1446
Powiatowy Inspektorat Nadzoru Budowlanego w Tomaszowie Mazowieckim,łódzkie,tomaszowski,Tomaszów Mazowiecki,Św. Antoniego,41,97-200,044-725-08-37,,044-725-08-37,,pinb@powiat-tomaszowski.pl,,www.pinbtomaszow.lo.pl,51.5279,20.01415
Powiatowy Inspektorat Nadzoru Budowlanego w Wieluniu,łódzkie,Wieluński,Wieluń,ul. Andrzeja Struga,1,98-300,438427914,,438427914,,pinb_wielun@interia.pl,,http://pinb.wielun.pl/,51.1300,18.3420
Powiatowy Inspektorat Nadzoru Budowlanego w Wieruszowie,łódzkie,Wieruszowski,Wieruszów,Ludwika Waryńskiego,8,98-400,062-78-31-994,,062-78-31-994,,pinb56@o2.pl,,http://www.bip-pinb.powiat-wieruszowski.pl/,51.2953,18.1565
Powiatowy Inspektorat Nadzoru Budowlanego w Wyszkowie,mazowieckie,wyszkowski,Wyszków,Zakolejowa,15A,07-200,29 742 83 68,,,,pinb@powiat-wyszkowski.pl,,,52.5896,21.4514
Powiatowy Inspektorat Nadzoru Budowlanego w Zduńskiej Woli,łódzkie,Zduńska Wola,Zduńska Wola,Łaska,61a,98-220,043 823-41-39,,043 823 41-39,,pinb@zdwola.com.pl,,www.pinb.zdwola.com.pl,51.5971,18.9438
Powiatowy Inspektorat Nadzoru Budowlanego w Zgierzu,łódzkie,Zgierski,Zgierz,Sadowa,6a,95-100,042-719-08-14,042-719-05-59,042-719-08-14,,pinb@powiat.zgierz.pl,,www.pinb.powiat.zgierz.pl,51.8400,19.4235
Powiatowy Inspektorat Nadzoru Budowlanego w Zwoleniu,mazowieckie,zwoleński,Zwoleń,Perzyny ,86,26-700,48 676 50 59,,48 676 50 59,,inspektoratzwolen@wp.pl ,,www.pinb-zwolen.4bip.pl,51.3685,21.5861
Powiatowy Inspektorat Nadzoru Budowlanego w Aleksandrowie Kujawskim,kujawsko-pomorskie,aleksandrowski,Aleksandrów Kujawski,Słowackiego ,12,87-700,54 282-38-28,54 234 03 84,54 282-38-28,54 234 03 84,sekretariat@pinb-aleksandrow.pl,,http://pinbaleksandrow.nbip.pl/pinbaleksandrow,52.8741,18.6973
Powiatowy Inspektorat Nadzoru Budowlanego w Augustowie,podlaskie,augustowski,Augustów,Młyńska,52,16-300,87 643 02 99,,87 643 02 99,,pinb@st.augustow.wrotapodlasia.pl,,https://pinbaugustow.bip.gov.pl/,53.8421,22.9858
Powiatowy Inspektorat Nadzoru Budowlanego w Bartoszycach,warmińsko-mazurskie,bartoszycki,Bartoszyce,Grota-Roweckiego,1/323,11-200,(89)762-93-90,,(89)762-93-90,(89)762-53-10,pinb@pinb-bartoszyce.gov.pl,pinb-bartoszyce@wp.pl,www.pinb-bartoszyce.gov.pl,54.2508,20.8153
Powiatowy Inspektorat Nadzoru Budowlanego w Będzinie,śląskie,Będzin,Będzin,ul. Małachowskiego,29,42-500,32 269 24 37,nd,31 269 24 37,nd,pinb_bedzin@interia.pl,nd,bip-pinb.powiat.bedzin.pl,50.3217,19.1349
Powiatowy Inspektorat Nadzoru Budowlanego w Białobrzegach,mazowieckie,białobrzeski,Białobrzegi,Stefana Żeromskiego,84,26-800,48 613 35 03 w. 23-25,,48 613 34 20,,pinbbialobrzegi@bip.org.pl ,,www.pinbbialobrzegi.bip.org.pl ,51.6438,20.9536
Powiatowy Inspektorat Nadzoru Budowlanego w Białogardzie,zachodniopomorskie,białogardzki,Białogard,pl. Wolności,1,78-200,94 311 00 87,,94 311 00 87,,pinb-bialogard@szczecin.uw.gov.pl,,http://www.powiat-bialogard.pl/5,94,powiatowy-inspektorat-nadzoru-budowlanego-w-bial
Powiatowy Inspektorat Nadzoru Budowlanego w Bielsku Podlaskim,podlaskie,bielski ,Bielsk Podlaski,3-go Maja ,17,17-100,85 833 26 78,85 833 26 79,85 833 26 78,,pinb@powiatbielski.pl,,brak strony internetowej,52.7704,23.1856
Powiatowy Inspektorat Nadzoru Budowlanego w Bielsku-Białej,śląskie,Bielsko-Biała,Bielsko-Biała,ul. Piastowska,40,43-300,33 813 62 42,nd,33 813 62 42,nd,inspektorat@powiat.bielsko.pl,nd,www.inspektorat.powiat.bielsko.pl,49.8264,19.0311
Powiatowy Inspektorat Nadzoru Budowlanego w Bieruniu,śląskie,Lędziny,Lędziny,ul. Lędzińska,24,43-143,32 324 08 47,nd,32 324 08 47,nd,pinb@powiatbl.pl,nd,nd,50.138,19.1176
Powiatowy Inspektorat Nadzoru Budowlanego w Bochni,małopolskie,bocheński,Bochnia ,ul. Windakiewicza ,09-04,32-700,14 611 71 84,518345872,14 611 71 84,,sekretariat@bochnia.pinb.gov.pl,,http://bip.malopolska.pl/pinbwbpssbnswinbwkrakowie,49.9676,20.4179
Powiatowy Inspektorat Nadzoru Budowlanego w Bolesławcu,dolnośląskie,bolesławiecki,Bolesławiec,Pl. Marsz. J. Piłsudskiego,2,59-700,75 612 17 97,75 612 17 98,75 612 17 96,,boleslawiec@winb.wroc.pl,,http://www.pinb.boleslawiec.pl,51.2624,15.5689
Powiatowy Inspektorat Nadzoru Budowlanego w Braniewie,warmińsko-mazurskie,braniewski,Braniewo,Piłsudskiego,2,14-500,55 644 02 77,,55 644 02 76,,pinb@braniewo.pinb.gov.pl,,www.pinbbraniewo.bip.gov.pl,54.3845 ,19.8276
Powiatowy Inspektorat Nadzoru Budowlanego w Brodnicy,kujawsko-pomorskie,brodnicki,Brodnica,Aleja Leśna 2 ,2,87-300,56 49-50-770,,56 49-50-771,,pinb@brodnica.com.pl,,www.pinb-brodnica.bip.net.pl,53.2585,19.3976
Powiatowy Inspektorat Nadzoru Budowlanego w Brzegu,opolskie,brzeski,Brzeg,Oławska,25,49-300,77-41-69-010,48 606-607-317,77-41-69-010,,inspektorat@pinbbrzeg.pl,,www.pinbbrzeg.pl,50.867,17.4617
Powiatowy Inspektorat Nadzoru Budowlanego w Brzesku,małopolskie,brzeski,Brzesko ,ul. Wyszyńskiego,6,32-800,14 663 16 42,,14 663 16 42,,sekretariat@brzesko.pinb.gov.pl,,http://bip.malopolska.pl/pinbbrzesko/,49.9668,20.6062
Powiatowy Inspektorat Nadzoru Budowlanego w Brzozowie,podkarpackie ,brzozowski,Brzozów,Moniuszki,17,36-200,13 434 22 83,,13 434 22 83,,pinb.brzozow@op.pl,,http://www.pinb-brzozow.internetdsl.pl/,49,6922
Powiatowy Inspektorat Nadzoru Budowlanego w Bydgoszczy,kujawsko-pomorskie,bydgoski,Bydgoszcz,Zygmunta Augusta ,16,85-082,52 584-01-36,52 584-01-39,52 584-01-36,,pinb@powiatbydgoski.pl,,http://www.pinb.powiatbydgoski.pl/,53.1346,17.9937
Powiatowy Inspektorat Nadzoru Budowlanego w Bytomiu,śląskie,m. Bytom,Bytom,ul. Rynek,20.sty,41-902,32 282 62 49,nd,32 282 62 49,nd,pinb.bytom@poczta.fm,nd,http://pinb.bytom.pl,50.3466,18.9241
Powiatowy Inspektorat Nadzoru Budowlanego w Bytowie,pomorskie,bytowski,Bytów,Wolności,3,77-100,59 822 73 45,,59 822 73 45,,pinb@bytow.gda.winb.gov.pl,,http://bip.bytow.gda.winb.gov.pl/ ,54.1675,17.4939
Powiatowy Inspektorat Nadzoru Budowlanego w Chełmnie,kujawsko-pomorskie,chełmiński,Chełmno,Słowackiego,3,86-200,56 677-24-56,,56 677-24-56,,pinb@powiat-chelmno.pl,,http://bip.powiat-chelmno.pl/?cid=104&bip_id=175,53.3473,18.4374
Powiatowy Inspektorat Nadzoru Budowlanego w Chodzieży,Wielkopolskie,chodzieski,Chodzież,ul. Gajowa,10,64-800,67 282 78 48,,67282 24 69,,pinbchodziez@interia.pl,,brak,52.9901,16.8936
Powiatowy Inspektorat Nadzoru Budowlanego w Chojnicach,pomorskie,chojnicki,Chojnice,31 Stycznia,56,89-600,52 396 65 51,,52 396 65 51,,pinb@chojnice.gda.winb.gov.pl ,,http://bip.chojnice.gda.winb.gov.pl/,53.6956,17.5534
Powiatowy Inspektorat Nadzoru Budowlanego w Chorzowie,śląskie,m. Chorzów,Chorzów,ul. Powstańców Śląskich,1,41-500,532683734,nd,32 241 60 75,nd,pinbchorzow@onet.eu,nd,www.pinb.cba.pl,50.3019,18.9495
Powiatowy Inspektorat Nadzoru Budowlanego w Choszcznie,zachodniopomorskie,choszczeński,Choszczno ,ul. Bolesława Chrobrego,27 A,73-200,95 765 02 28,,95 765 02 28,,pinbcho@poczta.onet.pl,,pinb.choszczno.ibip.pl,53.1844,15.4182
Powiatowy Inspektorat Nadzoru Budowlanego w Chrzanowie,małopolskie,chrzanowski,Chrzanów,ul. Grunwaldzka ,5,32-500 ,32 753 87 05,,32 753 87 05,,sekretariat@chrzanow.pinb.gov.pl,,http://bip.malopolska.pl/pinbchrzanow,50.14,19.401
Powiatowy Inspektorat Nadzoru Budowlanego w Ciechanowie,mazowieckie,ciechanowski,Ciechanów,17 Stycznia,7,06-400,233070770,48791055720,,,pinb@pinbciechanow.pl,,www.pinbciechanow.bip-e.pl ,52.8815,20.6155
Powiatowy Inspektorat Nadzoru Budowlanego w Cieszynie,śląskie,Cieszyn,Cieszyn,ul. Szeroka,13,43-300,33 477 74 41  ,nd,33 477 74 41,nd,pinb2@powiat.cieszyn.pl,nd,www.pinb.cieszyn.pl,49.7488,18.6349
Powiatowy Inspektorat Nadzoru Budowlanego w Czarnkowie,Wielkopolskie,czarnkowsko-trzcianecki,Czarnków,ul. Kościuszki,88,64-700,67 349 30 54,,67 255 85 75,,pinb.czarnkow@op.pl,,http://www.czarnkowsko-trzcianecki.pl/,52.8987,16.5588
Powiatowy Inspektorat Nadzoru Budowlanego w Częstochowie,śląskie,Częstochowa,Częstochowa,ul. Sobieskiego ,9,42-200,343229137,343229138,nd,34 378 54 71,nd,czwapinb@op.pl,nd,nd,50.933
Powiatowy Inspektorat Nadzoru Budowlanego w Człuchowie,pomorskie,człuchowski,Człuchów,Aleja Wojska Polskiego,5,77-300,59 834 23 40,,59 834 23 40,, pinb@czluchow.gda.winb.gov.pl,,https://pinb_czluchow.bip.gov.pl/,53.6675,17.3597
Powiatowy Inspektorat Nadzoru Budowlanego w Dąbrowie Górniczej,śląskie,m. Dąbrowa Górnicza,Dąbrowa Górnicza,ul. Graniczna,21,41-300,32 295 69 24,32 295 69 25,32 295 69 24,nd,pinb@dabrowa-gornicza.pl,nd,nd,50.3312,19.2071
Powiatowy Inspektorat Nadzoru Budowlanego w Dąbrowie Tarnowskiej,małopolskie,dąbrowski,Dąbrowa Tarnowska ,ul. Józefa Piłsudskiego ,16,33-200 ,14 642 65 05,14 642 65 05,14 642 65 05,14 642 65 05,info@dabrowatarnowska.pinb.gov.pl,,http://bip.malopolska.pl/pinbdabrowatarnawska,50.1734,20.9836
Powiatowy Inspektorat Nadzoru Budowlanego w Dębicy,podkarpackie ,dębicki,Dębica,Parkowa ,2,39-200,14 683 40 30,,14 683 40 30,,pinbdebica@interia.pl,,http://www.pinbdebica.pl/,50,46
Powiatowy Inspektorat Nadzoru Budowlanego w Drawsku Pomorskim ,zachodniopomorskie,drawski,Drawsko Pomorskie,ul. Obrońców Westerplatte,11,78-500,94 363 37 60,,94 363 37 60,,pinb.drawsko@onet.pl,,-,53.5319,15.8083
Powiatowy Inspektorat Nadzoru Budowlanego w Działdowie,warmińsko-mazurskie,działdowski,Działdowo,Kościuszki,3,13-200,(23)697-24-39,,(23)697-51-40,,pinb@dzialdowo.pinb.gov.pl,,www.pinb-dzialdowo.bip.net.pl,53.2337,20.1779
Powiatowy Inspektorat Nadzoru Budowlanego w Dzierżoniowie,dolnośląskie,dzierżoniowski,Dzierżoniów,Świdnicka,38,58-200,74 832 17 80,695932905,74 832 19 91,,dzierzoniow@winb.wroc.pl,pinb-dzierzoniow@o2.pl,http://www.pinb-dzierzoniow.info/,50.733,16.6435
Powiatowy Inspektorat Nadzoru Budowlanego w Elblągu,warmińsko-mazurskie,m. Elbląg,Elbląg,Wojska Polskiego,1,82-300,(55)643-59-15,,(55)643-39-85,,pinb@pinb.elblag.pl,,www.pinb.elblag.com.pl,54.1557,19.4188
Powiatowy Inspektorat Nadzoru Budowlanego w Ełku,warmińsko-mazurskie,ełcki,Ełk,Małeckich,2,19-300,(87)621-15-49,,(87)621-15-49,,pinbelk@wp.pl,,www.pinbelk.nowybip.pl,53.8242,22.3517
Powiatowy Inspektorat Nadzoru Budowlanego w Garwolinie,mazowieckie,garwoliński,Garwolin,Mazowiecka,26,08-400,25 684 35 88,25 685 27 00,25 684 35 88,,pinb@garwolin-starostwo.pl ,,www.garwolin.pinb.info.pl ,51.8997,21.6049
Powiatowy Inspektorat Nadzoru Budowlanego w Gdańsku,pomorskie,m. Gdańsk,Gdańsk,Wały Piastowskie,24,80-855,58 308 42 89,,58 308 42 89,,sekretariat@pinb.gda.pl,,http://www.pinb.gda.pl/,54.3582,18.6475
Powiatowy Inspektorat Nadzoru Budowlanego w Gdyni,pomorskie,m. Gdynia,Gdynia,Legionów,130,81-472,58 620 73 27,,58 620 73 27,,pinb@gdynia.gda.winb.gov.pl,,http://bip.gdynia.gda.winb.gov.pl/,54.4893,18.5464
Powiatowy Inspektorat Nadzoru Budowlanego w Giżycku,warmińsko-mazurskie,giżycki,Giżycko,Al. Wojska Polskiego,8,11-500,(87)732-46-56,,(87)732-46-56,,pinb@gizycko.starostwo.gov.pl,,www.pinb.bip.gov.pl,54.0357,21.7677
Powiatowy Inspektorat Nadzoru Budowlanego w Gliwicach,śląskie,Gliwice,Gliwice,ul. Zygmunta Starego,17,44-100,32 332 66 37,nd,32 332 66 36,nd,pinb.powgliw@op.pl,nd,pinb.globalhost.pl/old,50.2916,18.6603
Powiatowy Inspektorat Nadzoru Budowlanego w Głogowie,dolnośląskie,głogowski,Głogów,Sikorskiego,21,67-200,76 727 25 63,,76 727 25 63,,glogow@winb.wroc.pl,,http://glogow.pinb.pl/,51.6653,16.0745
Powiatowy Inspektorat Nadzoru Budowlanego w Głubczycach,opolskie,głubczycki,Głubczyce,Powstańców,4,48-100,77-55-03-601,48 791-534-560,77-55-03-603,,biuro@pinbglubczyce.pl,,www.pinbglubczyce.pl,50.1563,17.9791
Powiatowy Inspektorat Nadzoru Budowlanego w Gnieźnie,Wielkopolskie,gnieźnieński,Gniezno,ul. Tadeusza Kościuszki,7,62-200,61 424 07 85,,61 424 07 85,,pinb@powiat-gniezno.pl,,http://www.powiat-gniezno.pl/,52.5310,17.6024
Powiatowy Inspektorat Nadzoru Budowlanego w Goleniowie ,zachodniopomorskie,goleniowski,Goleniów,ul. Dworcowa,1,72-100,91 418 98 97,91 471 02 47,91 418 98 97,,pinb@powiat-goleniowski.pl,,pinb.goleniow.ibip.pl/public,53.5588,14.8382
Powiatowy Inspektorat Nadzoru Budowlanego w Golubiu-Dobrzyniu,kujawsko-pomorskie,golubsko-dobrzyński,Golub-Dobrzyń,J.G.Koppa,1a,87-400,56 683-35-66,,56 475 61 77,,pinb@golub-dobrzyn.com.pl,,https://www.bip.golub-dobrzyn.com.pl/107,powiatowy-inspektor-nadzoru-budowlanego,53.1091
Powiatowy Inspektorat Nadzoru Budowlanego w Gorlicach,małopolskie,gorlicki ,Gorlice ,ul. Michalusa ,18,38-300,18 354 00 65,18 352 46 78,18 353 02 34,,biuro@gorlice.pinb.gov.pl,,http://bip.malopolska.pl/pinbgorlice/,49.6687,21.1719
Powiatowy Inspektorat Nadzoru Budowlanego w Gostyninie,mazowieckie,gostyniński,Gostynin,Romana Dmowskiego,13,09-500,24 235 24 32,,24 235 79 85,,pinbgostynin@wp.pl ,,www.pinbgostynin.eu,52.4266,19.4628
Powiatowy Inspektorat Nadzoru Budowlanego w Gostyniu,Wielkopolskie,gostyński,Gostyń,ul. Poznańska,200,63-800,65 575 25 55,,65 575 25 40 ,,gostyn@pinb.info.pl,,http://gostyn.pinb.info.pl/,51.8753,17.0102
Powiatowy Inspektorat Nadzoru Budowlanego w Górze,dolnośląskie,górowski,Góra,Mickiewicza,1,56-200,65 544 39 44,,65 544 39 43,,gora@winb.wroc.pl,,http://www.bip.gora.pinb.powiat.pl/,51.666,16.5422
Powiatowy Inspektorat Nadzoru Budowlanego w Grajewie,podlaskie,grajewski,Grajewo,Wojska Polskiego,74 C,19-200 ,86 261 90 58,,86 273 84 62,,pinbgrajewo@interia.pl,,https://www.starostwograjewo.pl/pl/3424/powiat_inspek_nadzor_budowl.html,53.6490,22.4470
Powiatowy Inspektorat Nadzoru Budowlanego w Grodzisku Mazowieckim,mazowieckie,grodziski,Grodzisk Mazowiecki,Daleka,11A,05-825,22 734 19 67,,22 755 79 39,,pinb-gromaz@o2.pl,,www.pinb-gromaz.pl,52.0948,20.6157
Powiatowy Inspektorat Nadzoru Budowlanego w Grodzisku Wielkopolskim,Wielkopolskie,grodziski,Grodzisk Wielkopolski,ul. Żwirki i Wigury,1,62-065,61 445 25 17,61 445 25 15,61 445 25 00,,pinb@pgw.pl,,http://www.bip.pgw.pl/,52.2272,16.3637
Powiatowy Inspektorat Nadzoru Budowlanego w Grójcu,mazowieckie,grójecki,Grójec,Józefa Piłsudskiego ,59,05-600,48 664 71 91 ,,48 664 71 91 ,,pinbgrojec@onet.eu,,www.pinbgrojec.pl,51.8645,20.8805
Powiatowy Inspektorat Nadzoru Budowlanego w Grudziądzu,kujawsko-pomorskie,grudziądzki,Grudziądz,Małomłyńska,1,86-300,56 451-44-33,,56 642-67-81,,sekretariat@pinbgrudziadz.pl,,https://pinbgrudziadz.rbip.mojregion.info/ ,53.4886,18.7547
Powiatowy Inspektorat Nadzoru Budowlanego w Gryficach ,zachodniopomorskie,gryficki,Gryfice,pl. Zwycięstwa,37,72-300,91 384 57 81,,91 384 57 81,,pinb@gryfice.pl,,pinb.gryfice.ibip.pl,53.9147,15.1996
Powiatowy Inspektorat Nadzoru Budowlanego w Gryfinie,zachodniopomorskie,gryfiński,Gryfino ,ul. Flisacza,6,74-100,91 415 03 13,,91 415 02 13,,nadzor.bud@pinbgryfino.pl,,pinbgryfino.pl,53.2502,14.4899
Powiatowy Inspektorat Nadzoru Budowlanego w Hajnówce,podlaskie,hajnowski,Hajnówka,Piłsudskiego,10 lok. 49,17-200,85 682 49 41 ,,85 682 22 32,,pinb@powiat.hajnowka.pl,,http://bip.st.hajnowka.wrotapodlasia.pl/jedn_org/pinb.html,52.7354,23.5915
Powiatowy Inspektorat Nadzoru Budowlanego w Iławie,warmińsko-mazurskie,iławski,Iława,Tadeusza Kościuszki,33a,14-200,(89)644-81-41,,(89)648-89-44,,pinb@ilawa.pinb.gov.pl,ksiegowosc@ilawa.pinb.gov.pl,www.pinb.bip.powiat-ilawski.pl,53.5958319,19.57225083
Powiatowy Inspektorat Nadzoru Budowlanego w Inowrocławiu,kujawsko-pomorskie,inowrocławski,Inowrocław,aleja Ratuszowa,38,88-100,523592153,,523592153,,kancelaria.pinb.ino@onet.pl,,http://bip.pinb.inowroclaw.pl/,52.753,18.2613
Powiatowy Inspektorat Nadzoru Budowlanego w Jarocinie,Wielkopolskie,jarociński,Jarocin,ul. T. Kościuszki,10,63-200,62 740 79 73,,62 740 79 73 ,,pinbjarocin@pinb3.home.pl,,http://bip.powiat-jarocinski.pl/,51.9719,17.4986
Powiatowy Inspektorat Nadzoru Budowlanego w Jarosławiu,podkarpackie ,jarosławski,Jarosław,Poniatowskiego ,6,37-500,16 624 26 78,,16 624 26 79,,pinbjaroslaw@op.pl,,http://www.pinbjaroslaw.pl/,50.146,
Powiatowy Inspektorat Nadzoru Budowlanego w Jaśle,podkarpackie ,jasielski,Jasło,Kochanowskiego,3,38-200,13 448 20 76,,13 448 20 76,,jaslopinb@wp.pl,,http://pinb-jaslo.bip.gov.pl/,49.7417,
Powiatowy Inspektorat Nadzoru Budowlanego w Jaworze,dolnośląskie,jaworski,Jawor,Poniatowskiego,25,59-400 ,76 870 36 19,,76 870 36 19,,jawor@winb.wroc.pl,,http://www.spjawor-bip.pbox.pl/public/?id=39061, www.e-bip.org.pl/pinbjawor/,51.0549
Powiatowy Inspektorat Nadzoru Budowlanego w Jaworznie,śląskie,m. Jaworzno,Jaworzno,ul. Inwalidów Wojennych,14,43-603,32 618 16 61,nd,32 618 16 64,nd,kancelaria.pinb@um.jaworzno.pl,nd,www.pinb.bip.jaworzno.pl,50.223,19.2334
Powiatowy Inspektorat Nadzoru Budowlanego w Jelenia Górze,dolnośląskie,karkonoski,Jelenia Góra,Wiejska,29,58-506,75 647 32 36,,75 647 32 36,,jeleniagora@winb.wroc.pl,,http://powiat.jeleniogorski.sisco.info/?id=989,50.908,15.7532
Powiatowy Inspektorat Nadzoru Budowlanego w Jędrzejowie,Świętokrzyskie ,jędrzejowski ,Jędrzejów ,Armii Krajowej ,9,28-300,41 386 58 03,,41 386 58 03,,pinb_jow@o2.pl,,www.pinb.jedrzejow.pl,50.6456,20.2899
Powiatowy Inspektorat Nadzoru Budowlanego w Kaliszu,Wielkopolskie,kaliski,Kalisz,pl. Św. Józefa,5,62-800,62 501 42 75 ,62 501 42 77,62 501 42 75,,nadzorbudowlanykalisz@op.pl,,http://bip.pinb.powiat.kalisz.pl/,51.7627,18.0932
Powiatowy Inspektorat Nadzoru Budowlanego w Kamieniu Pomorskim ,zachodniopomorskie,kamieński,Kamień Pomorski ,ul. Wolińska,7 B,72-400,91 382 32 88,,91 382 32 88,,pinb-kamienpomorski@szczecin.uw.gov.pl,,pinbkamien.pl,53.9630,14.7772
Powiatowy Inspektorat Nadzoru Budowlanego w Kamiennej Górze,dolnośląskie,kamiennogórski,Kamienna Góra,Kościuszki ,6,58-400 ,75 769 51 58,,75 769 51 61,,kamiennagora@winb.wroc.pl,,http://www.kamienna-gora.bip.net.pl/?c=1131,50.7822,16.0356
Powiatowy Inspektorat Nadzoru Budowlanego w Kartuzach,pomorskie,kartuski,Kartuzy,Gdańska,21,83-300,58 685 34 58,58 685 44 36,58 685 34 58,,pinb@kartuzy.gda.winb.gov.pl,,http://pinb.kartuzy.ibip.pl/public/,54.3317,18.2019
Powiatowy Inspektorat Nadzoru Budowlanego w Katowicach,śląskie,m. Katowice,Katowice,ul. Rynek,13,40-003,32 253 64 31,327335102,327335103,32 253 64 30,sekretariat@pinb.katowice.pl,nd,www.pinb.katowice.pl,50.2587,
Powiatowy Inspektorat Nadzoru Budowlanego w Kazimierzy Wielkiej,Świętokrzyskie ,kazimierski ,Kazimierza Wielka ,Kościuszki ,12,28-500 ,41 350 23 44,,41 350 23 13,,pinb@powiat.kazimierzaw.pl,,www.kazimierzawielkapinb.bip.gov.pl,50.2674,20.4866
Powiatowy Inspektorat Nadzoru Budowlanego w Kędzierzynie- Koźlu,opolskie,kedzierzyńsko-kozielski,Kędzierzyn- Koźle,Damrota,30,47-220,77-48-34-925,48 785-555-850,77-48-34-925,,sekretariat@pinb.kedzierzyn-kozle.pl,,www.pinb.kedzierzyn-kozle.pl,50.3446,18.2134
Powiatowy Inspektorat Nadzoru Budowlanego w Kępnie,Wielkopolskie,kępiński,Kępno,ul. Kościuszki,9,63-600,62 782 89 52,,62 782 89 52,,pinb@powiatkepno.pl,,http://www.bip.powiatkepno.pl/,51.2795,17.9826
Powiatowy Inspektorat Nadzoru Budowlanego w Kętrzynie,warmińsko-mazurskie,kętrzyński,Kętrzyn,Plac Grunwaldzki,1,11-400,(89)751-27-94,,(89)751-88-59,,sekretariat@pinbketrzyn.pl,,www.pinbketrzyn.pl,54.0764,21.3730
Powiatowy Inspektorat Nadzoru Budowlanego w Kielcach,Świętokrzyskie ,kielecki ,Kielce ,Wrzosowa ,44,25-211,41 200 16 88,,41 200 16 97,,pinb@powiat.kielce.pl,,www.pinbkielce.stronabip.pl,50.8451,20.6337
Powiatowy Inspektorat Nadzoru Budowlanego w Kluczborku,opolskie,kluczborski,Kluczbork,Jagiellońska,3,46-200,77-41-80-968,48 606-607-610,77-41-80-968,,sekretariat@pinbklb.pl,,www.pinbkluczbork.bip.gov.pl,50.9736,18.2183
Powiatowy Inspektorat Nadzoru Budowlanego w Kłobucku,śląskie,Kłobuck,Kłobuck,ul. Ks. Skorupki,46,42-100,34 310 06 48,343100649,34 310 06 48,,pinb_klobuck2@wp.pl,nd,nd,50.9006,18.9423
Powiatowy Inspektorat Nadzoru Budowlanego w Kłodzku,dolnośląskie,kłodzki,Kłodzku,Wyspiańskiego,2d,57-300,74 867 95 48,,74 867 95 48,,klodzko@winb.wroc.pl,pinb_klodzko@o2.pl,https://pinb_klodzko.bip.gov.pl/,50.4327,16.6595
Powiatowy Inspektorat Nadzoru Budowlanego w Kolbuszowej,podkarpackie ,kolbuszowski,Kolbuszowa,11 listopada ,10,36-100,17 227 58 20,,17 227 57 21,,pinb.kolbuszowa@interia.pl,,http://bip.powiat.kolbuszowa.pl/bip_kolbuszowa/index.jsp?place=Menu02&news_cat_id=21&layout=1&page=0,50.2463,
Powiatowy Inspektorat Nadzoru Budowlanego w Kole,Wielkopolskie,kolski,Koło,ul. Sienkiewicza,21/23,62-600,63 261 78 07,,63 261 95 85,,pinb@starostwokolskie.pl,,http://www.starostwokolskie.pl/,52.2004,18.6384
Powiatowy Inspektorat Nadzoru Budowlanego w Kolnie,podlaskie,kolneński,Kolno,11 Listopada,1,18-500,86 278 48 95,,86 278 20 92,,pinbkolno@wp.pl,,https://pinbkolnomk.bip.gov.pl/,53.4124,21.9285
Powiatowy Inspektorat Nadzoru Budowlanego w Kołobrzegu ,zachodniopomorskie,kołobrzeski,Kołobrzeg,ul. Piastowska,9,78-100,94 352 78 89,,94 352 78 89,,pinb@kolobrzeg.powiat.pl,,www.pinbkolobrzeg.finn.pl,54.1802,15.5709
Powiatowy Inspektorat Nadzoru Budowlanego w Koninie,Wielkopolskie,koniński,Konin,Al. 1-go Maja,9,62-510,63 240 32 70 ,63 240 32 71 ,63 240 32 71,,pinbkonin@pinbkonin.pl,,http://pinb.powiatkonin.ibip.pl/,52.2280,18.2538
Powiatowy Inspektorat Nadzoru Budowlanego w Końskich,Świętokrzyskie ,konecki ,Końskie ,Staszica ,2,26-200,41 372 84 07,,41 372 84 07,,inspektorat_konskie@o2.pl,,www.bip.konecki.wrota-swietokrzyskie.pl,51.1985,20.4079
Powiatowy Inspektorat Nadzoru Budowlanego w Koszalinie,zachodniopomorskie,Koszalin,Koszalin,ul. gen. Władysława Andersa,34 / pok.57,75-626,94 342 85 00,,94 342 83 85,,pinb@powiat.koszalin.pl ,,pinb.powiat.koszalin.pl,54.1892,16.1932
Powiatowy Inspektorat Nadzoru Budowlanego w Kościanie,Wielkopolskie,kościański,Kościan,ul. Kościelna,5a,64-000,65 512 74 23,,65 512 74 23,,pinbkoscian@o2.pl,,http://www.pinbkoscian.pl/,52.0852,16.6448
Powiatowy Inspektorat Nadzoru Budowlanego w Kościerzynie,pomorskie,kościerski,Kościerzyna,3 Maja,6,83-400,504431505,506599122,504431505,,pinb.koscierzyna@gda.winb.gov.pl ,,http://pinb.koscierzyna.ibip.pl ,54.1225,17.9815
Powiatowy Inspektorat Nadzoru Budowlanego w Kozienicach,mazowieckie,kozienicki,Kozienice,Jana Kochanowskiego,15,26-900,48 382 05 60,,48 382 05 61,,pinb@kozienicepowiat.pl ,,http://www.kozienicepowiat.pl/starostwo/powiatowe-inspekcje-sluzby-i-straze/powiatowy-inspektor-nadzoru-budowlanego.html,51.5869,21.5502
Powiatowy Inspektorat Nadzoru Budowlanego w Krakowie - Powiat Grodzki,małopolskie,Kraków,Kraków ,ul. Wielicka ,28A ,30-552 ,12 616 56 40,12 616 56 60,12 616 56 41,,pinb@krakow.pinb.gov.pl,,https://www.bip.krakow.pl/?bip_id=44&dok=struktura,50.0388,19.9663
Powiatowy Inspektorat Nadzoru Budowlanego w Krakowie dla powiatu krakowskiego - ziemskiego,małopolskie,krakowski ,Kraków ,ul. Juliusza Słowackiego ,20,30-037 ,12 633 03 47,,12 633 03 47,,pinb-sekretariat@powiat.krakow.pl, sekretariat@krakowski.pinb.gov.pl,https://bip.malopolska.pl/pinbkrakow,,50.0711
Powiatowy Inspektorat Nadzoru Budowlanego w Krapkowicach,opolskie,krapkowicki,Krapkowice,Kilińskiego,1,47-303,77-46-61-470,48 606-605-915,77-46-61-470,,sekretariat@pinbkrapkowice.pl,,www.pinb-krapkowice.4bip.pl,50.4900,17.9571
Powiatowy Inspektorat Nadzoru Budowlanego w Kraśniku,lubelskie,kraśnicki,Kraśnik,Aleja Niepodległości, 10A,23-204,81 825 31 07,,81 825 31 07 ,,biuro@pinbkrasnik.pl,-,https://pinbkrasnik.bip.gov.pl/,50.9648,22.1722
Powiatowy Inspektorat Nadzoru Budowlanego w Krośnie,podkarpackie ,krośnieński,Krosno,Bieszczadzka ,1,38-400,13 437 57 82,,13 437 57 82,,pinbkrosno@op.pl,,http://bip.zetorzeszow.pl/pinbkrosno/,49,6787
Powiatowy Inspektorat Nadzoru Budowlanego w Krotoszynie,Wielkopolskie,krotoszyński,Krotoszyn,ul. 56 Pułku Piechoty Wlkp.,10a,63-700,62 725 37 10,,62 725 37 10,,pinb@starostwo.krotoszyn.pl,,http://www.powiat-krotoszyn.pl/,51.6911,17.4380
Powiatowy Inspektorat Nadzoru Budowlanego w Kwidzynie,pomorskie,kwidzyński,Kwidzyn,Grudziądzka,8,82-500,55 646 51 35,797935026,55 646 51 35,,pinb@kwidzyn.gda.winb.gov.pl,,http://bip.kwidzyn.gda.winb.gov.pl/,53.7307,18.9258
Powiatowy Inspektorat Nadzoru Budowlanego w Legionowie,mazowieckie,legionowski,Legionowo,gen. Władysława Sikorskiego,11,05-119,22 774 51 53,,22 764 03 79,,kancelaria@pinblegionowo.pl,,http://bip.pinb.legionowski.pl/,52.4218,20.9390
Powiatowy Inspektorat Nadzoru Budowlanego w Legnicy,dolnośląskie,legnicki,Legnica,Pl. Słowiański,1,59-220,76 724 34 80,,,,legnica@winb.wroc.pl,,http://bip.sp-legnica.dolnyslask.pl/dokument,iddok,683
Powiatowy Inspektorat Nadzoru Budowlanego w Lesku,podkarpackie ,leski,Lesko,Wincentego Pola ,1,38-600,13 469 71 48,,13 492 72 77,,pinblesko@op.pl,,pinb@powiat-leski.pl,49,4711
Powiatowy Inspektorat Nadzoru Budowlanego w Lesznie,Wielkopolskie,leszczyński,Leszno,al. Jana Pawła II,21,64-100,65 529 68 51,,65 529 68 51,,pinb.leszno@wp.pl,,http://www.bip.powiat-leszczynski.pl/,51.8403,16.5783
Powiatowy Inspektorat Nadzoru Budowlanego w Leżajsku,podkarpackie ,leżajski,Leżajsk,M.C. Skłodowskiej,8,37-300,17 242 07 37 wew. 21,,17 242 07 37 wew. 26,,lezajsk@pinb.info.pl,,http://lezajsk.pinb.info.pl,50,2614
Powiatowy Inspektorat Nadzoru Budowlanego w Lęborku,pomorskie,lęborski,Lębork,Czołgistów,5,84-300, 59 863 28 52,,59 863 28 44,,pinb@lebork.gda.winb.gov.pl,,https://lebork.gda.winb.gov.pl/,54.5393,17.7407
Powiatowy Inspektorat Nadzoru Budowlanego w Lidzbarku Warmińskim,warmińsko-mazurskie,lidzbarski,Lidzbark Warmiński,Wyszyńskiego,37,11-100,(89)767-79-29,,(89)767-79-59,,kontakt@lidzbark.pinb.gov.pl,,www.lidzbark.pinb.gov.pl,54.1254 ,20.5888
Powiatowy Inspektorat Nadzoru Budowlanego w Limanowej,małopolskie,limanowski,Limanowa ,ul. Matki Boskiej Bolesnej,16,34-600 ,18 337 56 85,,18 337 56 85,,biuro@limanowa.pinb.gov.pl,,http://bip.malopolska.pl/pinbwlimanowej,49.706,20.4243
Powiatowy Inspektorat Nadzoru Budowlanego w Lipnie,kujawsko-pomorskie,lipnowski,Lipno,Mickiewicza,58,87-600,54 288-66-33,54 288 66 34,54 288-66-33,,pinb@lipnowski.powiat.pl,,http://www.bip.pinblipno.pl/index.php?id=11,52.8409,19.1757
Powiatowy Inspektorat Nadzoru Budowlanego w Lipsku,mazowieckie,lipski,Lipsko,Rynek,1,27-300,48 378 04 30,,48 378 03 37,,pinblipsko@o2.pl,,www.pinblipsko.bip.gov.pl,51.1588,21.6494
Powiatowy Inspektorat Nadzoru Budowlanego w Lubaczowie,podkarpackie ,lubaczowski ,Lubaczów,Mickiewicza ,45,37-600,16 632 28 28,,16 736 20 83,,pinb.lubaczow@poczta.fm,,https://pinblubaczow.bip.gov.pl/,50,1611
Powiatowy Inspektorat Nadzoru Budowlanego w Lubaniu,dolnośląskie,lubański,Lubań,Mickiewicza,2,59-800,789395622,76 646 43 43,75 646 43 44,,luban@winb.wroc.pl,,http://www.pinbluban.bip.net.pl/,51.1147,15.286
Powiatowy Inspektorat Nadzoru Budowlanego w Lubartowie,lubelskie,lubartowski,Lubartów,Szaniawskiego,64,21-100,81 854 54 45,,81 855 30 11,-,pinb.lubartow@poczta.fm,-,http://pinb.powiatlubartowski.pl,51.4643,22.6052
Powiatowy Inspektorat Nadzoru Budowlanego w Lubinie,dolnośląskie,lubiński,Lubin,Kilińskiego,12b,59-300,76 746 71 84,,76 746 71 01,,lubin@winb.wroc.pl,,https://pinb-lubin.bip.gov.pl/,51.4012,16.2109
Powiatowy Inspektorat Nadzoru Budowlanego w Lublinie (powiat grodzki),lubelskie,Miasto Lublin,Lublin,Fryderyka Chopina,5,20-026,81 534 47 72,81 534 47 73,81 534 47 73 wew. 11,-,sekretariat@pinb.lublin.pl,-,www.pinb.lublin.pl,51.2468,22.5540
Powiatowy Inspektorat Nadzoru Budowlanego w Lublińcu,śląskie,Lubliniec,Lubliniec,ul. Sobieskiego ,9,42-700,345000383,,,,pinblub@o2.pl,,,50.6643,18.6818
Powiatowy Inspektorat Nadzoru Budowlanego w Lwówku Śląskim,dolnośląskie,lwówecki,Lwówek Śląski,Al. Wojska Polskiego,25d,59-600,75 782 28 23,,75 782 28 23,75 782 36 54,lwowekslaski@winb.wroc.pl,,www.pinb.powiatlwowecki.pl,51.1094,15.581
Powiatowy Inspektorat Nadzoru Budowlanego w Łańcucie,podkarpackie ,łańcucki,Łańcut,Piłsudskiego ,9,37-100,17 225 69 67,,17 225 69 67,,pinb lancut@o2.pl,,https://pinblancut.bip.gov.pl/,50.661,
Powiatowy Inspektorat Nadzoru Budowlanego w Łobzie,zachodniopomorskie,łobeski,Łobez,ul. Niepodległości,35,73-150,91 397 09 47,,91 397 61 28,,pinb@powiatlobeski.pl,,pinb.lobez.ibip.pl,53.6395,15.6215
Powiatowy Inspektorat Nadzoru Budowlanego w Łomży ,podlaskie,łomzyński,Łomża,Szosa Zambrowska ,1 \27 ,18-400 ,86 215 69 37,86 215 69 36,86 215 69 04,,pinb.lomza@wp.pl,,http://www.powiatlomzynski.pl/bip/index.php?k=72,53.1735,22.0803
Powiatowy Inspektorat Nadzoru Budowlanego w Łosicach,mazowieckie,łosicki,Łosice,Józefa Piłsudskiego,6,08-200,83 359 04 52,,83 359 04 52,,losice@pinb.pl,nadzor.losice@wp.pl,https://pinblosice.bip.gov.pl/ , www.pinb.losice.pl,52.212146
Powiatowy Inspektorat Nadzoru Budowlanego w Malborku,pomorskie,malborski,Malbork,Plac Słowiański,17,82-200,55 646 04 46,55 646 04 45,55 646 04 44,,pinb.malbork@gda.winb.gov.pl,,bip.malbork.gda.winb.gov.pl,54.0342,19.0248
Powiatowy Inspektorat Nadzoru Budowlanego w Miasta Grudziądza,kujawsko-pomorskie,m.Grudziądz,Grudziądz,Piłsudskiego,51,86-300,56 461-07-28,,56 46 107 28,,pinbud@neostrada.pl,,http://pinbud.grudziadz.com.pl/,53.4935,18.7618
Powiatowy Inspektorat Nadzoru Budowlanego w Miechowie,małopolskie,miechowski ,Miechów,ul. M. Konopnickiej,6,32-200 ,41 383 40 70,41 389 02 30,41 383 40 70,41 389 02 30,inspektorat@miechow.pinb.gov.pl,,http://bip.malopolska.pl/pinbmiechow/,50.3585,20.0366
Powiatowy Inspektorat Nadzoru Budowlanego w Mielcu,podkarpackie ,mielecki,Mielec,Wyspiańskiego ,6,39-300,17 780 05 63,,17 788 62 00,,biuro@pinb.mielec.pl,,http://pinb.mielec.pl/,50.2912,
Powiatowy Inspektorat Nadzoru Budowlanego w Międzychodzie,Wielkopolskie,międzychodzki,Międzychód,ul. 17-go Stycznia,143,64-400,95 748 87 22,,95 748 87 22,,pinb@powiat-miedzychodzki.pl,,http://www.bip.pinb.powiatmiedzychodzki.pl/,52.6064,15.9021
Powiatowy Inspektorat Nadzoru Budowlanego w Mikołowie,śląskie,Mikołów,Mikołów,ul. Żwirki i Wigury,4a,43-190,32 224 44 69,,32 224 44 69,,pinbmi@vp.pl,nd,www.bip.pinb.mikolowski.pl,50.1702,18.8996
Powiatowy Inspektorat Nadzoru Budowlanego w Miliczu,dolnośląskie,milicki,Milicz,Wojska Polskiego,40,56-300,71 383 16 84,,71 383 16 84,,milicz@winb.wroc.pl,,http://www.bip.milicz-powiat.pl/?id=117,51.527,17.2836
Powiatowy Inspektorat Nadzoru Budowlanego w Mławie,mazowieckie,mławski,Mława,Władysława Reymonta ,4,06-500,23 655 29 11,,23 655 29 11,,pinb.mlawa@op.pl,,www.pinbmlawa.pl,53.1134,20.3773
Powiatowy Inspektorat Nadzoru Budowlanego w Mogilnie,kujawsko-pomorskie,mogileński,Mogilno,M.Konopnickiej,20,88-300,52 318-54-40,,52 318-54-40,,pinb@pinbmogilno.pl,,www.pinbmogilno.pl,52.6653,17.944
Powiatowy Inspektorat Nadzoru Budowlanego w Mońkach ,podlaskie,moniecki ,Mońki,Al. Niepodległości ,3,19-100,85 716 54 00,,85 716 54 00,,pinbmonki@wp.pl,,http://www.pinbmonki.pl/,53.4044,22.8005
Powiatowy Inspektorat Nadzoru Budowlanego w Mrągowie,warmińsko-mazurskie,mrągowski,Mrągowo,Królewiecka,60 B,11-700,(89)741-01-85,,(89)741-01-85,,pinb_mragowo@powiat.mragowo.pl,,www.pinb.powiat.mragowo.pl,53.8760,21.3051
Powiatowy Inspektorat Nadzoru Budowlanego w Mysłowicach,śląskie,m. Mysłowice,Mysłowice,ul. Mikołowska,4a,41-400,32 318 25 50,,32 318 25 50,,pinb.myslowice@interia.pl,nd,,50.2401,19.1373
Powiatowy Inspektorat Nadzoru Budowlanego w Myszkowie,śląskie,Myszków,Myszków,ul. Pułaskiego,6,42-300,34 315 91 85,,34 315 91 85,,pinb-myszkow@tlen.pl,nd,,50.5596,19.3296
Powiatowy Inspektorat Nadzoru Budowlanego w Myślenicach,małopolskie,myślenicki,Myślenice ,ul. Pardyaka ,2,32-400 ,12 272 28 38,,12 274 13 68,,biuro@myslenice.pinb.gov.pl,,https://bip.malopolska.pl/pinbwmyslenicach/,49.8322,19.9386
Powiatowy Inspektorat Nadzoru Budowlanego w Myśliborzu ,zachodniopomorskie,myśliborski,Myślibórz,ul. Północna,15,74-300,95 747 36 72,,95 747 36 72,,pinbmysliborz@o2.pl,,pinbmysliborz.bip.gov.pl,52.9285,14.8662
Powiatowy Inspektorat Nadzoru Budowlanego w Nakle n.Notecią,kujawsko-pomorskie,notecki,Nakło n.Notecią,Kościelna,8,89-100,52 386-11-16,,52 386-11-16,,pinb@powiat-nakielski.pl,,http://pinb.naklo.sisco.info/?id=3,53.1358,17.5934
Powiatowy Inspektorat Nadzoru Budowlanego w Namysłowie,opolskie,namysłowski,Namyslów,pl. Wolności,12A,46-100,77-41-93-962,48 798-700-935,77-41-93-962,,pinb@namyslow.pl,,www.winb.opole.pl/namyslow,51.0741,17.7208
Powiatowy Inspektorat Nadzoru Budowlanego w Nidzicy,warmińsko-mazurskie,nidzicki,Nidzica,Murarska,4,13-100,(89)625-62-05,,(89)625-62-05,,pinb@nidzica.pinb.gov.pl,,www.bip.nidzica.pinb.gov.pl,53.3589,20.4269
Powiatowy Inspektorat Nadzoru Budowlanego w Nisku,podkarpackie ,niżański ,Nisko,3-go Maja ,32C,37-400,15 841 45 62,,15 841 45 62,,pinbnisko18@tlen.pl,,http://www.pinb.powiat-nisko.pl/,50.5186,
Powiatowy Inspektorat Nadzoru Budowlanego w Nowym Dworze Gdańskim,pomorskie,nowodworski,Nowy Dwór Gdański,Generała Władysława Sikorskiego,23,82-100,55 247 36 71 w. 145,55 273 27 74,55 273 27 74,,inspektor@pinb-powiatnowodworski.pl,sekretariat@pinb-powiatnowodworski.pl,http://www.pinb-powiatnowodworski.pl/ ,54.2138,19.1129
Powiatowy Inspektorat Nadzoru Budowlanego w Nowym Dworze Mazowieckim,mazowieckie,nowodworski,Nowy Dwór Mazowiecki,Chemików,6,05-100 ,22 775 00 79,,,,pinb@nowodworski.pl,,www.nowydwormazowiecki.pinb.pl,52.4297,20.7255
Powiatowy Inspektorat Nadzoru Budowlanego w Nowym Mieście Lubawskim,warmińsko-mazurskie,nowomiejski,Nowe Miasto Lubawskie,Jagiellońska,24D,13-300,(56)472-59-36,,(56)472-59-36,,pinb@powiat-nowomiejski.pl,,www.pinb.pl,53.4178,19.5912
Powiatowy Inspektorat Nadzoru Budowlanego w Nowym Targu,małopolskie,nowotarski,Nowy Targ ,ul. Jana Kazimierza ,22,34-400,18 264 94 66,18 264 94 67,18 264 94 66,18 264 94 67,sekretariat@nowytarg.pinb.gov.pl,,https://bip.malopolska.pl/pinbnowytarg,49.4810,20.0328
Powiatowy Inspektorat Nadzoru Budowlanego w Nowym Tomyślu,Wielkopolskie,nowotomyski,Nowy Tomyśl,ul. Poznańska,33,64-300,61 442 66 84,61 442 66 85,61 442 50 64,,pinb-nt@o2.pl,,http://www.powiatnowotomyski.pl/,52.3163,16.1389
Powiatowy Inspektorat Nadzoru Budowlanego w Nysie,opolskie,nyski,Nysa,Parkowa,02-04,48-300,77-40-85-087,48 606-605-292,77-40-85-219,,pinbnyski@pinb.nysa.pl,,www.pinb.nysa.pl,50.4775,17.3337
Powiatowy Inspektorat Nadzoru Budowlanego w Obornikach,Wielkopolskie,obornicki,Oborniki,ul. 11 Listopada,2a,64-600,61 297 31 37,,61 297 31 37,,pinb@powiatobornicki.pl,,http://www.bip.pinb-oborniki.pl/,52.6475,16.8170
Powiatowy Inspektorat Nadzoru Budowlanego w Olecku,warmińsko-mazurskie,olecki,Olecko,Wojska Polskiego,12,19-400,(87)520-03-90,(87)615-44-02,(87)520-03-90,,pinb@powiat.olecko.pl,,www.pinbolecko.bip.gov.pl,54.0373,22.4953
Powiatowy Inspektorat Nadzoru Budowlanego w Oleśnicy,dolnośląskie,oleśnicki,Oleśnica,Słowackiego,10,56-400,71 314 01 81,,71 314 01 80,,olesnica@winb.wroc.pl,pinb_olesnica@onet.eu,https://pinb-olesnica.bip.gov.pl/,51.2057,17.377
Powiatowy Inspektorat Nadzoru Budowlanego w Oleśnie,opolskie,oleski,Olesno,Kossaka ,5,46-300,34-35-98-026,48 606-605-441,34-35-98-026,,pinb@interka.pl,,www.winb.opole.pl/olesno,50.8767,18.4304
Powiatowy Inspektorat Nadzoru Budowlanego w Olkuszu,małopolskie,olkuski,Olkusz ,al. 1000 lecia ,13a,32-300,32 754 68 38,,32 754 65 23,,sekretariat@olkusz.pinb.gov.pl,,http://bip.malopolska.pl/pinbolkusz,50.2692,19.5693
Powiatowy Inspektorat Nadzoru Budowlanego w Olsztynie,warmińsko-mazurskie,olsztyński,Olsztyn,Jana Kasprowicza,1,10-219,(89) 534- 91- 06,,(89) 534- 91 -06,,pinbolsztyn@gmail.com,,www.pinbpowiatolsztyn.pl,53.7865,20.4816
Powiatowy Inspektorat Nadzoru Budowlanego w Oławie,dolnośląskie,oławski,Oława,Ks. F. Kutrowskiego,31a,55-200,71 318 17 64,,71 714 20 19,,olawa@winb.wroc.pl,,http://www.pinb.olawa.pl/,50.9505,17.2824
Powiatowy Inspektorat Nadzoru Budowlanego w Opatowie,Świętokrzyskie ,opatowski,Opatów ,Sienkiewicza ,17,27-500,15 868 47 13,797994713,15 868 47 13,,pinbwopatowie@op.pl,,www.pinb.opatow.ibip.pl,50.8002,21.4304
Powiatowy Inspektorat Nadzoru Budowlanego w Opolu ,opolskie,opolski,Opole,Firmowa,1,45-591,77 -46-26-162,48 606-288-874,77 -46-26-162,,sekretariat@pinbopolski.pl,,www.pinbopolski.pl,50.6677,17.9126
Powiatowy Inspektorat Nadzoru Budowlanego w Opolu dla miasta Opola,opolskie,opolski,Opole,Budowlanych,4,45-005,77-44-29-101,48 604-897-919,77-44-29-102,,sekretariat@pinb.opole.pl,,www.pinb.opole.pl,50.6771,17.9171
Powiatowy Inspektorat Nadzoru Budowlanego w Ostrołęce,mazowieckie,ostrołęcki,Ostrołęka,Gen. Augusta Emila Fieldorfa Nila,15,07-410,29 764 31 42,,29 764 31 42,,pinb-oz@wp.pl,,brak,53.07779,21.5794
Powiatowy Inspektorat Nadzoru Budowlanego w Ostrołęce - mieście na prawach powiatu,mazowieckie,m. Ostrołęka,Ostrołęka,Tadeusza Kościuszki,21,07-410,29 764 52 43,,29 764 90 44 ,,pinb.ostroleka@op.pl,,brak,53.0854,21.5694
Powiatowy Inspektorat Nadzoru Budowlanego w Ostrowcu Świętokrzyskim,Świętokrzyskie ,ostrowiecki ,Ostrowiec Świętokrzyski ,Iłżecka ,37,27-400,41 247 60 02,,41 247 60 02,,pinb@pinb.ostrowiec.pl,,www.pinb.ostrowiec.pl,50.9429,21.3868
Powiatowy Inspektorat Nadzoru Budowlanego w Ostrowi Mazowieckiej,mazowieckie,ostrowski,Ostrów Mazowiecka,3 Maja,51,07-300,29 645 71 35,,29 645 71 35,,pinb.ostrow@op.pl,,brak,52.7999,21.8911
Powiatowy Inspektorat Nadzoru Budowlanego w Ostrowie Wielkopolskim,Wielkopolskie,ostrowski,Ostrów Wielkopolski,al. Powstańców Wielkopolskich,18,63-400,62 737 84 82,,62 737 84 84,,pinb_ostrowwlkp@wp.pl,,http://www.powiat-ostrowski.pl/,51.6465,17.8201
Powiatowy Inspektorat Nadzoru Budowlanego w Ostródzie,warmińsko-mazurskie,ostródzki,Ostróda,Jana III Sobieskiego,5,14-100,(89)642-98-09,,(89)642-98-09,,inpektorat@pinb.ostroda.pl,,www.pinb.ostroda.pl,53.6941,19.9639
Powiatowy Inspektorat Nadzoru Budowlanego w Ostrzeszowie,Wielkopolskie,ostrzeszowski,Ostrzeszów,ul. Gen. Sikorskiego ,58,63-500,62 732 07 40,,62 732 07 40,,sekretariat@pinb-ostrzeszow.pl,,http://www.pinb-ostrzeszow.pl/,51.4280,17.9254
Powiatowy Inspektorat Nadzoru Budowlanego w Oświęcimiu,małopolskie,oświęcimski,Oświęcim,ul. Łukasiewicza ,4,32-600 ,33 844 47 25,,33 844 47 25,,sekretariat@oswiecim.pinb.gov.pl,,http://bip.malopolska.pl/pinbwoswiecimiu,50.0348,19.235
Powiatowy Inspektorat Nadzoru Budowlanego w Otwocku,mazowieckie,otwocki,Otwock,Sołecka,52,05-400,22 788 90 13,22 788 90 27,22 788 90 13,22 788 90 27,sekretariat@pinbotwock.pl ,,www.pinbotwock.pl ,52.1053,21.2365
Powiatowy Inspektorat Nadzoru Budowlanego w Parczewie,lubelskie,parczewski,Parczew,11-go Listopada,46,21-200,83 355 14 35 ,531713930,83 355 14 35 ,,pinbparczew@wp.pl,,https://pinbparczew.bip.lubelskie.pl,51.6421,22.9025
Powiatowy Inspektorat Nadzoru Budowlanego w Piasecznie,mazowieckie,piaseczyński,Piaseczno,Czajewicza,02-04,05-500,22 777 40 07,,,,sekretariat@pinbpiaseczno.pl,,www.pinb.nbip.pl,52.0715,21.0249
Powiatowy Inspektorat Nadzoru Budowlanego w Piekarach Śląskich,śląskie,m. Piekary Śląskie,Piekary Śląskie,ul. Bytomska ,92,41-940,32 393 94 02,nd,32 393 94 02,nd,pinbps@tlen.pl,nd,www.pinbps.4bip.pl,50.375,18.9443
Powiatowy Inspektorat Nadzoru Budowlanego w Pile,Wielkopolskie,pilski,Piła,ul. Śródmiejska,20\2,64-920,67 351 63 89,,67 351 60 85,,sekretariat@pinb.pila.pl,,http://www.pinb.pila.pl/,53.1481,16.7357
Powiatowy Inspektorat Nadzoru Budowlanego w Pińczowie,Świętokrzyskie ,pińczowski ,Pińczów ,Zacisze ,5,28-400,41 357 60 01,,41 357 60 07,,pinb@starostwopinczow.internetdsl.pl ,,www.pinbpinczow.stronabip.pl,50.5187,20.5239
Powiatowy Inspektorat Nadzoru Budowlanego w Piszu,warmińsko-mazurskie,piski,Pisz,Piaskowa,2,12-200,(87)423-31-87,,(87)423-31-87,,pinb@powiat.pisz.pl,,www.bip.powiat.pisz.pl,53.6307,21.8029
Powiatowy Inspektorat Nadzoru Budowlanego w Pleszewie,Wielkopolskie,pleszewski,Pleszew,ul. Poznańska,79,63-300,62 742 96 39,,62 742 96 65,,pinb@pinb-pleszew.pl,,http://www.pinb-pleszew.pl/,51.8972,17.7735
Powiatowy Inspektorat Nadzoru Budowlanego w Płocku – mieście na prawach powiatu,mazowieckie,płocki,Płock,plac Jarosława Dąbrowskiego ,4,09-402,24 367 16 52,24 367 16 51,24 367 16 51 ,,pinb@plock.eu,,pinb.bip.ump.pl ,52.5399,19.6970
Powiatowy Inspektorat Nadzoru Budowlanego w Płocku (ziemski),mazowieckie,płocki,Płock,Kostrogaj,1,09-400,24 267 46 78,24 267 46 79,24 267 46 78,,pinbplock@wp.pl,,pinbplock.bip.gov.pl,52.5635,19.6997
Powiatowy Inspektorat Nadzoru Budowlanego w Płońsku,mazowieckie,płoński,Płońsk,Płocka,101,09-100,23 662 73 61,572830876,,,pinb.plonsk@op.pl,,www.pinbplonsk.pl,52.62088,20.35620
Powiatowy Inspektorat Nadzoru Budowlanego w Policach ,zachodniopomorskie,policki,Police,ul. Tanowska,8,72-010 ,91 317 80 25,,,,pinb.police@interia.pl,,www.pinbpolice.5v.pl,53.5498,14.5805
Powiatowy Inspektorat Nadzoru Budowlanego w Polkowicach,dolnośląskie,polkowicki,Polkowice,Rynek,31,59-100,76 746 40 29,,,,polkowice@winb.wroc.pl,,https://pinb-polkowice.bip.gov.pl/,51.5026,16.0681
Powiatowy Inspektorat Nadzoru Budowlanego w Powiecie Słupskim,pomorskie,słupski,Słupsk,Szarych Szeregów,14,76-200,59 841 85 51,59 841 85 68,59 841 85 49,,pinb@slupskie.gda.winb.gov.pl,,http://bip.slupskie.gda.winb.gov.pl/,54.4672,17.0340
Powiatowy Inspektorat Nadzoru Budowlanego w Proszowicach,małopolskie,proszowicki,Proszowice ,ul. Grzymały Siedleckiego,2,32-100 ,12 653 20 89,,brak,,powiatowy@proszowice.pinb.gov.pl,,http://bip.malopolska.pl/pinbwproszowicach,50.194,20.2907
Powiatowy Inspektorat Nadzoru Budowlanego w Prudniku,opolskie,prudnicki,Prudnik,Kościuszki,76,48-200,77-43-69-399,48 506-932-540,77-43-69-399,,pinb@powiatprudnicki.pl,,www.winb.opole.pl/prudnik,50.3211,17.5782
Powiatowy Inspektorat Nadzoru Budowlanego w Pruszczu Gdańskim,pomorskie,gdański,Pruszcz Gdański,Wojska Polskiego,16,83-000,58 683 54 11,58 691 09 85,58 683 54 11,,pinb@pruszcz.gda.winb.gov.pl,,http://bip.pruszcz.gda.winb.gov.pl/,54.2605,18.6327
Powiatowy Inspektorat Nadzoru Budowlanego w Pruszkowie ,mazowieckie,pruszkowski,Pruszków ,Stanisława Staszica ,4,05-800,22 490 99 07,,,, kancelaria@pinbpruszkow.pl,,pinbpruszkow.pl,52.1643,20.7901
Powiatowy Inspektorat Nadzoru Budowlanego w Przasnyszu,mazowieckie,przasnyski,Przasnysz,Świętego Stanisława Kostki,5,06-300,29 752 22 70 wew. 225,,,,inspektorat@pinbprzasnysz.mojbip.pl,,pinbprzasnysz.mojbip.pl,53.0213,20.8804
Powiatowy Inspektorat Nadzoru Budowlanego w Przemyślu,podkarpackie ,przemyski,Przemyśl,Pl. Dominikański ,3,37-700,16 678 50 54 wew. 157,,16 678 50 54 wew. 159,,kontakt@pinbprzemysl.pl,,https://pinbprzemysl.pl/,49.7826,
Powiatowy Inspektorat Nadzoru Budowlanego w Przeworsku,podkarpackie ,przeworski ,Przeworsk,Lwowska ,16,37-200,16 648 31 11,,16 648 31 11,,przeworsk@pinb.info.pl,,http://przeworsk.pinb.info.pl/,50.579,
Powiatowy Inspektorat Nadzoru Budowlanego w Przysusze,mazowieckie,przysuski,Przysucha, Szkolna ,7,26-400,48 675 23 13,,48 675 23 11,,pinb@przysucha.pl,,www.pinbprzysucha.nbip.pl,51.3613,20.6336
Powiatowy Inspektorat Nadzoru Budowlanego w Pszczynie,śląskie,Pszczyna,Pszczyna,ul. Korfantego,6,43-200,32 475 70 42,32 211 20 24 wew. 12,32 475 70 42 wew. 15,32 475 71 85,pinb@powiat.pszczyna.pl,nd,www.pinb.pszczyna.pl,49.9735,18.9424
Powiatowy Inspektorat Nadzoru Budowlanego w Pucku,pomorskie,pucki,Puck,Sambora,16,84-100,58 673 42 12,,58 673 42 12,,pinb.puck@gda.winb.gov.pl,,http://bip.puck.gda.winb.gov.pl/,54.7199,18.4146
Powiatowy Inspektorat Nadzoru Budowlanego w Puławach,lubelskie,puławski,Puławy,Aleja Królewska,19,24-100,81 886 11 10,-,81 886 11 10,-,pinbpulawy@interia.eu,-,www.pulawy.powiat.pl,51.4137,21.9637
Powiatowy Inspektorat Nadzoru Budowlanego w Pułtusku,mazowieckie,pułtuski,Pułtusk,Marii Skłodowskiej Curie,11,06-100,23 692 18 83,,23 692 18 83,,pinb.pultusk@interia.pl ,,www.pinb_pultusk.bip.gov.pl,52.6929,21.0733
Powiatowy Inspektorat Nadzoru Budowlanego w Pyrzycach ,zachodniopomorskie,pyrzycki,Pyrzyce,ul. Młodych Techników,5,74-200,91 443 50 70,,91 443 50 70,,pinbpyrzyce3@wp.pl,,pinb.pyrzyce.ibip.pl,53.1449,14.8854
Powiatowy Inspektorat Nadzoru Budowlanego w Raciborzu,śląskie,Racibórz,Racibórz,ul. Klasztorna,6,47-400,32 419 04 66,nd,32 419 04 66 wew. 351,nd,pinbraciborz@interia.pl,nd,www.pinbraciborz.e-bip.org.pl ,50.0904,18.2149
Powiatowy Inspektorat Nadzoru Budowlanego w Radomiu,mazowieckie,radomski,Radom,Marywilska,4A,26-600,721302614,721302616,,,pinb@spradom.eu ,,www.pinb-spradom.finn.pl ,51.3901,21.1405
Powiatowy Inspektorat Nadzoru Budowlanego w Radomiu,mazowieckie,m. Radom,Radom,Wjazdowa ,4A,26-612,48 366 20 04,48 366 20 05,48 366 20 04,48 366 20 05,pinb.radom@gmail.com,,www.pinb.radom.pl,51.3782,21.131
Powiatowy Inspektorat Nadzoru Budowlanego w Radziejowie,kujawsko-pomorskie,radziejowski,Radziejów,Kościuszki,20/22,88-200,54 285-35-53 we. 224,,54 285-38-75,,pinb@radziejow.pl,,http://www.bip.radziejow.pl/387,powiatowy-inspektor-nadzoru-budowlanego.html,52.6227
Powiatowy Inspektorat Nadzoru Budowlanego w Rawiczu,Wielkopolskie,rawicki,Rawicz,ul. Wały Jarosława Dąbrowskiego ,2,63-900,65 546 47 83,,65 546 47 83,,pinb@powiatrawicki.pl,,http://powiatrawicki.pl/,51.6115,16.8550
Powiatowy Inspektorat Nadzoru Budowlanego w Ropczycach,podkarpackie ,ropczycko-sędziszowski,Ropczyce,Konopnickiej ,5,39-100,17 222 89 41,,17 222 89 40,,pinb@spropczyce.pl,,http://bip.spropczyce.pl/,50.522,
Powiatowy Inspektorat Nadzoru Budowlanego w Rudzie Śląskiej,śląskie,m. Ruda Śląska,Ruda Śląska,ul. Jadwigi Markowej,22,41-709,32 771 66 61 wew. 553,nd,32 771 66 61,nd,pinb.rudaslaska@gmail.com,nd,www.pinb.rudaslaska.bip.info.pl,50.2872,18.8723
Powiatowy Inspektorat Nadzoru Budowlanego w Rypinie,kujawsko-pomorskie,rypiński,Rypin,E. Orzeszkowej ,4A,87-500,54 280-38-95,,54 280-38-95,, inspektorat@pinbrypin.pl,,http://bip.pinb.powiatrypinski.pl/ ,53.0672,19.4222
Powiatowy Inspektorat Nadzoru Budowlanego w Rzeszowie,podkarpackie ,rzeszowski,Rzeszów,Batorego ,9,35-005,17 862 62 68,,17 862 62 17,,pinb@powiat.rzeszow.pl,,https://bip.powiat.rzeszow.pl/?c=mdTresc-cmPokaz-1738#POWIATOWY%20INSPEKTORAT%20NADZORU%20BUDOWLANEGO%20W%20RZESZOWIE,50.411,
Powiatowy Inspektorat Nadzoru Budowlanego w Sandomierzu,Świętokrzyskie ,sandomierski ,Sandomierz ,Mickiewicza ,34,27-600,15 644 10 10,15 644 12 12,15 832 28 29,,pinb@powiat.sandomierz.pl,,www.pinb.sandomierz.ibip.pl,50.686,21.74
Powiatowy Inspektorat Nadzoru Budowlanego w Sanoku,podkarpackie ,sanocki,Sanok,Al. Wojska Polskiego ,74,38-500,13 464 19 72,,13 464 19 72,,sekretariat@pinb.sanok.pl,,http://pinb.sanok.pl/,49.5564,22.2157
Powiatowy Inspektorat Nadzoru Budowlanego w Sejnach,podlaskie,sejneński,Sejny,Piłsudskiego ,34,16-500 ,87 567 05 94,,87 567 05 94,,pinb@powiat.sejny.pl,,https://pinbsejny.bip.gov.pl/,54.1056,23.3504
Powiatowy Inspektorat Nadzoru Budowlanego w Sępólnie Krajeńskim,kujawsko-pomorskie,sępoleński,Sępólno Krajeńskie,E.Orzeszkowej,8,89-400,52 388-56-58,,52 388-56-58,,pinb@powiat-sepolno.pl,,http://www.bip.pinb-sepolno.lo.pl/,53.4512,17.5204
Powiatowy Inspektorat Nadzoru Budowlanego w Siedlcach,mazowieckie,siedlecki,Siedlce,Józefa Piłsudskiego,40,08-110,25 633 93 16,,,,pinb@powiatsiedlecki.pl,,https://pinbsiedlce.bip.gov.pl/,52.1686,22.2765
Powiatowy Inspektorat Nadzoru Budowlanego w Siemianowicach Śląskich,śląskie,m. Siemianowice Śląskie,Siemianowice Śląskie,ul. Dąbrowskiego,13,41-100,32 608 43 54,nd,32 608 43 54,nd,pinb.siemianowice@vp.pl,nd,www.pinb.siemianowice.pl,50.3051,19.0239
Powiatowy Inspektorat Nadzoru Budowlanego w Siemiatyczach,podlaskie,siemiatycki,Siemiatycze,Legionów Piłsudskiego ,3 pok 219 ,17-300,85 656 65 32,85 656 65 34,85 656 65 01,,pinb@siemiatycze.pl,,https://pinb_siemiatycze.bip.gov.pl,52.4226,22.8632
Powiatowy Inspektorat Nadzoru Budowlanego w Sierpcu,mazowieckie,sierpecki,Sierpc,Mikołaja Kopernika,9,09-200,24 275 91 35,24 275 91 34,,,pinb-sierpc@neostrada.pl ,,www.pinbsierpc.bip.org.pl ,52.8472,19.6686
Powiatowy Inspektorat Nadzoru Budowlanego w Skarżysku-Kamiennej,Świętokrzyskie ,skarżyski ,Skarżysko-Kamienna ,Sikorskiego ,20,26-110,41 252 31 65,699908623,41 252 31 65,,pinb.skarzysko@neostrada.pl,,www.powiat.skarzyski.lo.pl,51.1138,20.8585
Powiatowy Inspektorat Nadzoru Budowlanego w Sławnie,zachodniopomorskie,sławieński,Sławno,ul. Sempołowskiej,2,76-100,59 810 64 86,59 810 79 94,59 810 79 94,,pinb@powiatslawno.pl,,www.pinb.powiatslawno.pl,54.3611,16.6762
Powiatowy Inspektorat Nadzoru Budowlanego w Słupcy,Wielkopolskie,słupecki,Słupca,ul. Poznańska,16,62-400,63 275 86 04,63 275 86 05,63 275 44 87,,pinb.slupca16@wp.pl,,http://www.powiat-slupca.pl/,52.2887,17.8687
Powiatowy Inspektorat Nadzoru Budowlanego w Słupsku,pomorskie,m. Słupsk,Słupsk,Jana Pawła II,1,76-200,59 841 24 20,59 841 24 71,59 841 13 96,,pinb@slupsk.gda.winb.gov.pl,,http://slupsk.gda.winb.gov.pl,54.4630,17.0299
Powiatowy Inspektorat Nadzoru Budowlanego w Sochaczewie,mazowieckie,sochaczewski,Sochaczew,Józefa Piłsudskiego,65,96-500,46 864 18 09,692903462,brak,,pinb@powiatsochaczew.pl,,www.pinb-sochaczew.pl,52.2188,20.2427
Powiatowy Inspektorat Nadzoru Budowlanego w Sokołowie Podlaskim,mazowieckie,sokołowski,Sokołów Podlaski,Oleksiaka Wichury,3A,08-300,25 781 38 14,,25 781 38 14,,pinb@powiat-sokolowski.pl,,www.pinbsokolow.biuletyn.net/,52.4112,22.2185
Powiatowy Inspektorat Nadzoru Budowlanego w Sokółce,podlaskie,sokólski,Sokółka,Piłsudskiego,8 lok. 58,16-100,85 711 08 54,85 711 96 21,85 711 96 21,,biuro@pinb-sokolka.pl,,pinb-sokolka.bip.gov.pl ,53.4085,23.4956
Powiatowy Inspektorat Nadzoru Budowlanego w Sopocie,pomorskie,m. Sopot,Sopot,Kościuszki,23,81-704,604561856,,58 333 49 56,,pinb.sopot@gda.winb.gov.pl,,http://sopot.gda.winb.gov.pl,54.4428,18.5620
Powiatowy Inspektorat Nadzoru Budowlanego w Sosnowcu,śląskie,m. Sosnowiec,Sosnowiec,ul. Mościckiego,14,41-200,32 296 06 84,nd,32 296 07 04,nd,sekretariat@pinb.sosnowiec.pl,nd,www.sosnowiec.pinb.pl,50.2772,19.1332
Powiatowy Inspektorat Nadzoru Budowlanego w Stalowej Woli,podkarpackie ,stalowowolski ,Stalowa Wola,Podleśna ,15,37-450,15 643 36 71,,15 643 37 06,,pinbsw@wp.pl,,http://www.pinbsw.pl/,50.5683,
Powiatowy Inspektorat Nadzoru Budowlanego w Starachowicach,Świętokrzyskie ,starachowicki ,Starachowice ,Rogowskiego ,14,27-200,41 275 42 09,,41 275 42 09,,inspektorat@pinb.starachowice.pl,,www.bip.pinb.starachowice.pl,51.0451,21.0679
Powiatowy Inspektorat Nadzoru Budowlanego w Stargardzie ,zachodniopomorskie,stargardzki,Stargard ,ul. Pierwszej Brygady,35,73-110,91 814-39-39,,91 814-39-40,,pinb@powiatstargardzki.pl,,www.pinbstargard.pl,53.3448,15.0211
Powiatowy Inspektorat Nadzoru Budowlanego w Starogardzie Gdańskim,pomorskie,starogardzki,Starogard Gdański,Mickiewicza,9,83-200,58 561 42 05,,58 561 42 01,,pinb@starogard.gda.winb.gov.pl,,http://bip.starogard.gda.winb.gov.pl/,53.9709,18.5403
Powiatowy Inspektorat Nadzoru Budowlanego w Staszowie,Świętokrzyskie ,staszowski ,Staszów ,Opatowska ,31,28-200,15 864 41 51,,15 864 15 89,,sekretariat@pinb.staszow.stronabip.pl,,www.pinbstaszow.stronabip.pl,50.5664,21.1673
Powiatowy Inspektorat Nadzoru Budowlanego w Strzelcach Opolskich,opolskie,strzelecki,Strzelce Opolskie,Gogolinska,2a,47-100,77-46-21-196,48 512-209-348,77-46-21-197,,pinb@pinb.powiatstrzelecki.pl,,www.pinb.powiatstrzelecki.pl,50.5124,18.2864
Powiatowy Inspektorat Nadzoru Budowlanego w Strzelinie,dolnośląskie,strzeliński,Strzelin,Grahama Bella,3a,57-100,71 392 30 18,,71 392 30 18,,strzelin@winb.wroc.pl,,http://www.bip.strzelin.pinb.powiat.pl/,50.7818,17.0656
Powiatowy Inspektorat Nadzoru Budowlanego w Strzyżowie,podkarpackie ,strzyżowski,Strzyżów,Przecławczyka ,15,38-100,17 276 03 80,,17 276 03 80,,pinbstrzyzow@op.pl,,http://strzyzow.pinb.pl/,49.8696,
Powiatowy Inspektorat Nadzoru Budowlanego w Suchej Beskidzkiej,małopolskie,suski,Sucha Beskidzka ,ul. Kościelna ,5b,34-200,33 874 40 05,,33 874 40 10,,info@suchabeskidzka.pinb.gov.pl,,http://bip.malopolska.pl/pinbwsuchejbeskidzkiej,49.7389,19.6031
Powiatowy Inspektorat Nadzoru Budowlanego w Suwałkach,podlaskie,suwalski,Suwałki,Świerkowa,45,16-400,87 563 10 00,,87 563 10 00,,pinbpz.suwalki@neostrada.pl,,http://www.powiat.suwalski.pl/kat/interesanci/powiatowy-inspektor-nadzoru-budowlanego,54.1172,22.9386
Powiatowy Inspektorat Nadzoru Budowlanego w Szamotułach,Wielkopolskie,szamotulski,Szamotuły,ul. Bolesława Chrobrego,6,64-500,61 442 34 79,,61 292 12 68,,pinb@pinb-szamotuly.pl,,http://www.pinb-szamotuly.pl/,52.6003,16.5882
Powiatowy Inspektorat Nadzoru Budowlanego w Szczecinie ,zachodniopomorskie,Szczecin,Szczecin ,ul. Szymanowskiego,2,71-416,91 424 55 78,91 424 51 51,91 455 36 30,,pinb@um.szczecin.pl,,www.bip.pinb.szczecin.pl,53.4289,14.5503
Powiatowy Inspektorat Nadzoru Budowlanego w Szczecinku ,zachodniopomorskie,szczecinecki,Szczecinek ,ul. Warcisława IV ,16,78-400,94 372 92 82,94 372 92 84,94 372 92 56,,pinb@powiat.szczecinek.pl,,www.pinb-szczecinek.bip.net.pl,53.7111,16.6981
Powiatowy Inspektorat Nadzoru Budowlanego w Szczytnie,warmińsko-mazurskie,szczycieński,Szczytno,Lipperta,10,12-100,(87)623-11-12,,(87)623-24-15,,pinb-szczytno.bip.gov.pl,,www.pinb-szczytno.bip.gov.pl,53.5635,20.9916
Powiatowy Inspektorat Nadzoru Budowlanego w Sztumie,pomorskie,sztumski,Sztum,Adama Mickiewicza,39A,82-400,55 267 74 90,55 267 74 82,55 267 74 82,,pinb@sztum.gda.winb.gov.pl ,,http://bip.sztum.gda.winb.gov.pl/,53.9161,19.0372
Powiatowy Inspektorat Nadzoru Budowlanego w Szydłowcu,mazowieckie, szydłowiecki,Szydłowiec,Tadeusza Kościuszki ,170,26-500,48 362 13 00,,48 362 13 00,,pinb1szydlowiec@poczta.onet.pl,,www.pinszydlowiec.pl,51.2277,20.8601
Powiatowy Inspektorat Nadzoru Budowlanego w Śremie,Wielkopolskie,śremski,Śrem,ul. Marciniaka,2,63-100,61 282 97 06,,61 282 97 04,,biuro@pinb-srem.pl,,http://www.pinb-srem.pl/,52.0903,17.0109
Powiatowy Inspektorat Nadzoru Budowlanego w Środzie Śląskiej,dolnośląskie,średzki,Środa Śląska,Wrocławska,2,55-300,71 396 89 27,71 317 56 47 w.237,71 317 56 49,,srodaslaska@winb.wroc.pl,,http://powiat.sredzki.slaski.sisco.info/?id=402,51.1631,16.5974
Powiatowy Inspektorat Nadzoru Budowlanego w Środzie Wielkopolskiej,Wielkopolskie,średzki,Środa Wielkopolska,ul. Żwirki i Wigury,1,63-000,61 287 06 49,,61 287 06 49,,pinb-srodawlkp@wp.pl,,http://bip.srodawlkp-powiat.pl/,52.2256,17.2844
Powiatowy Inspektorat Nadzoru Budowlanego w Świdnicy,dolnośląskie,świdnicki,Świdnica,Parkowa,2,58-100,74 856 80 43,74 851 56 21,74 856 80 43,74 851 56 20 ,swidnica@winb.wroc.pl,pinb@pinb-swidnica.pl,http://www.bip.swidnica.pinb.powiat.pl/,50.8476,16.4929
Powiatowy Inspektorat Nadzoru Budowlanego w Świdwinie ,zachodniopomorskie,świdwiński,Świdwin ,ul. Kołobrzeska ,43,78-300,94 365 62 47,,943656247,,pinb-swidwin@szczecin.uw.gov.pl,,www.bip.pinb-swidwin.pl,53.7761,15.7643
Powiatowy Inspektorat Nadzoru Budowlanego w Świeciu,kujawsko-pomorskie,świecki,Świecie,Hallera ,9,86-100,52 56-26-771,,52 56-26-772,,swiecie@pinb.csw.pl,,http://www.bip.pinbswiecie.lo.pl/,53.414,18.449
Powiatowy Inspektorat Nadzoru Budowlanego w Świnoujściu ,zachodniopomorskie,Świnoujście,Świnoujście ,ul. Wojska Polskiego,01.lut,72-600,91 321 56 51,,91 321 56 51,,pinb@um.swinoujscie.pl,,www.bip.pinb.swinoujscie.pl,53.9122,14.2482
Powiatowy Inspektorat Nadzoru Budowlanego w Tarnobrzegu,podkarpackie ,tarnobrzeski,Tarnobrzeg,1-go Maja ,4,39-400,15 822 27 73,,15 822 27 73,,pinbwtbg@vp.pl,,http://tarnobrzeg.pinb.pl/,50.5711,
Powiatowy Inspektorat Nadzoru Budowlanego w Tarnowskich Górach,śląskie,Tarnowskie Góry,Tarnowskie Góry,ul. Sienkiewicza,2,42-600,32 381 37 31,nd,32 381 37 31,nd,sekretariat.pinb@tarnogorski.pl,nd,www.pinb.tarnogorski.pl,50.4463,18.8605
Powiatowy Inspektorat Nadzoru Budowlanego w Tczewie,pomorskie,tczewski,Tczew,Piaskowa,2,83-110,58 532 16 63,,58 532 47 95,,pinb@pinb.tczew.pl ,,http://bip.tczew.gda.winb.gov.pl/ ,54.0877,18.7848
Powiatowy Inspektorat Nadzoru Budowlanego w Tomaszowie Lubelskim,lubelskie,tomaszowski (lubelski),Tomaszów Lubelski,Lwowska,68,22-600,846643190,-,846643190,-,pinb.tomaszow@wp.pl ,-,www.pinb-tomaszow-lubelski.pl,50.4473,23.4152
Powiatowy Inspektorat Nadzoru Budowlanego w Toruniu,kujawsko-pomorskie,toruński,Toruń,Legionów,70/76,87-100,56 661-19-20,,56 661-19-20,,sekretariat@pinb-torun.pl,,http://www.bip.pinb.powiattorunski.pl/,53.0255,18.6028
Powiatowy Inspektorat Nadzoru Budowlanego w Trzebnicy,dolnośląskie,trzebnicki,Trzebnica,Leśna,1,55-100,71 387 95 70,,,,pinb@powiat.trzebnica.pl,,http://www.pinb.trzebnica.pl/,51.3032,17.0694
Powiatowy Inspektorat Nadzoru Budowlanego w Tucholi,kujawsko-pomorskie,tucholski,Tuchola,Pocztowa,7B,89-500,52 559-07-20,,52 559-07-20,,pinb@tuchola.pl,,http://bippowiat.tuchola.pl/?bip_id=381&cid=97,53.5873,17.864
Powiatowy Inspektorat Nadzoru Budowlanego w Turku,Wielkopolskie,turecki,Turek,ul. Komunalna,2,62-700,63 280 37 01,63 280 37 03,63 280 37 02,,pinbturek@onet.eu,,http://www.pinb.bip.powiat.turek.pl/,52.0143,18.4932
Powiatowy Inspektorat Nadzoru Budowlanego w Tychach,śląskie,m. Tychy,Tychy,ul. Grota Roweckiego,42,43-100,32 227 50 89,nd,32 227 50 89,nd,pinbtychy@poczta.fm,nd,pinbtychy.bip.gov.pl,50.1164,18.9898
Powiatowy Inspektorat Nadzoru Budowlanego w Ustrzykach Dolnych,podkarpackie ,bieszczadzki,Ustrzyki Dolne,Pionierska ,10,38-700,13 471 16 76,,13 471 16 75,,ustrzykidolne@pinb.info.pl,,http://ustrzykidolne.pinb.pl/,49.4329,
Powiatowy Inspektorat Nadzoru Budowlanego w w Busku-Zdroju,Świętokrzyskie ,buski ,Busko- Zdrój ,1 Maja ,13,28-100 ,41 370 16 27,,41 370 16 27,,pinb@pinb.busko.pl,,www.pinb.busko.pl,50.4618,20.72
Powiatowy Inspektorat Nadzoru Budowlanego w Wadowicach,małopolskie,wadowicki,Wadowice ,ul. Mickiewicza,27,34-100,33 873 98 24,,33 873 98 24,,info@wadowice.pinb.gov.pl,,http://bip.malopolska.pl/pinbwwadowicach/,49.8799,19.5031
Powiatowy Inspektorat Nadzoru Budowlanego w Wałbrzychu,dolnośląskie,wałbrzyski,Wałbrzych,al. Wyzwolenia,22,58-300,74 846 06 85,74 846 06 75,74 846 06 22,,walbrzych@winb.wroc.pl,,http://www.pinb.walbrzych.pl/,50.7701,16.2821
Powiatowy Inspektorat Nadzoru Budowlanego w Wałczu ,zachodniopomorskie,wałecki,Wałcz,al. Zdobywców Wału Pomorskiego,54,78-600,67 352 35 16,,,,pinbwalcz@wp.pl,,bip.pinb.powiatwalecki.pl,53.2732,16.4729
Powiatowy Inspektorat Nadzoru Budowlanego w Wąbrzeźnie,kujawsko-pomorskie,wąbrzeski,Wąbrzeźno,Wolności,44,87-200,56 688-24-51 wew. 146,150,56 688-27-59,,pinb@wabrzezno.pl,,http://bip.pinb-wabrzezno.lo.pl/,,
Powiatowy Inspektorat Nadzoru Budowlanego w Wągrowcu,Wielkopolskie,wągrowiecki,Wągrowiec,ul. Gnieźnieńska,49,62-100,67 262 87 90,,67 262 87 90,,pinb@wagrowiec.pl,,http://www.bip.wagrowiec.pl/,52.7990,17.2144
Powiatowy Inspektorat Nadzoru Budowlanego w Wejherowie,pomorskie,wejherowski,Wejherowo,Osiedle Przyjaźni,6,84-200,58 672 21 70,533785890,58 672 95 68,,pinb@wejherowo.gda.winb.gov.pl,,http://wejherowo.gda.winb.gov.pl,54.6007,18.2216
Powiatowy Inspektorat Nadzoru Budowlanego w Węgorzewie,warmińsko-mazurskie,węgorzewski,Węgorzewo,3 go Maja,17b,11-600,(87)427-76-90,,(87)427-76-90,,pinbw@op.pl,,www.pinbwegorzewo.nbip.pl,54.2072,21.7377
Powiatowy Inspektorat Nadzoru Budowlanego w Węgrowie,mazowieckie,węgrowski,Węgrów,Józefa Piłsudskiego,23,07-100,25 792 66 34,,25 792 66 34,,pinb@powiatwegrowski.pl ,,pinbwegrow.bip.gov.pl,52.3949,22.0151
Powiatowy Inspektorat Nadzoru Budowlanego w Wieliczce,małopolskie,wielicki,Wieliczka ,ul. Stroma ,11,32-020 ,12 288 04 88,,12 288 04 88,,info@wieliczka.pinb.gov.pl,,http://bip.malopolska.pl/pinbwwieliczce,49.9793,20.0501
Powiatowy Inspektorat Nadzoru Budowlanego w Wodzisławiu Śląskim,śląskie,Wodzisław Śląski,Wodzisław Śląski,ul. Osiedle 1-go Maja,16D,44-304,32 456 19 07,32 456 19 08 wew. 2,32 456 19 07,nd,pinbwaw@gmail.com,nd,pinb.bip.powiatwodzislawski.pl,49.9793,18.4885
Powiatowy Inspektorat Nadzoru Budowlanego w Wolsztynie,Wielkopolskie,wolsztyński,Wolsztyn,ul. 5 Stycznia,5,64-200,68 384 56 36,,68 384 56 35,,pinbwolsztyn@interia.pl,,http://www.powiatwolsztyn.pl/,52.1139,16.1081
Powiatowy Inspektorat Nadzoru Budowlanego w Wołowie,dolnośląskie,wołowski,Wołów,Pl. Piastowski,2,56-100,71 389 53 66,,,,wolow@winb.wroc.pl,,http://pinb.wolow.sisco.info/,51.3352,16.6494
Powiatowy Inspektorat Nadzoru Budowlanego w Wysokiem Mazowieckiem,podlaskie,wysokomazowiecki,Wysokie Mazowieckie, Mickiewicza ,1,18-200,86 306 71 04,,,,pinb@wysokomazowiecki.pl,,https://pinbwysokomazowiecki.bip.gov.pl/,52.9156,22.5142
Powiatowy Inspektorat Nadzoru Budowlanego w Zabrzu,śląskie,m. Zabrze,Zabrze,ul. Piastowska,10,41-800,32 271 40 98,795399313,32 271 40 98,nd,info@pinb.zabrze.pl,nd,pinbzabrze.bip.gov.pl/,50.3078,18.7872
Powiatowy Inspektorat Nadzoru Budowlanego w Zakopanem,małopolskie,tatrzański,Zakopane ,ul. Chramcówki ,19a,34-500 ,18 201 59 35 ,18 20 20 851,brak,,sekretariat@zakopane.pinb.gov.pl,,http://bip.malopolska.pl/pinbwzakopanem,49.304186 ,19.960557
Powiatowy Inspektorat Nadzoru Budowlanego w Zambrowie,podlaskie,zambrowski,Zambrów,Fabryczna,3 lok 127,18-300,86 475 06 43,,86 271 20 92,,pinb@powiatzambrowski.com,,https://pinb.powiatzambrowski.com/,52.9755,22.2477
Powiatowy Inspektorat Nadzoru Budowlanego w Zawierciu,śląskie,Zawiercie,Zawiercie,ul. Krzywa,3,42-400,32 670 20 74,nd,32 670 20 74,nd,pinbzawiercie@onet.eu,nd,nd,50.4999,19.4286
Powiatowy Inspektorat Nadzoru Budowlanego w Ząbkowicach Śląskich,dolnośląskie,ząbkowicki,Ząbkowice Śląskie,Kłodzka,2,57-200,74 647 28 34,74 647 28 28,74 647 28 34,,zabkowiceslaskie@winb.wroc.pl,,http://www.bip.zabkowiceslaskie.pinb.powiat.pl/,50.5861,16.8096
Powiatowy Inspektorat Nadzoru Budowlanego w Zgorzelcu,dolnośląskie,zgorzelecki,Zgorzelec,Bohaterów II Armii Wojska Polskiego,8,59-900,75 642 46 44,,75 642 46 44,,zgorzelec@winb.wroc.pl,,http://www.powiat.zgorzelec.pl/pinb,51.1485,15.0194
Powiatowy Inspektorat Nadzoru Budowlanego w Złotoryi,dolnośląskie,złotoryjski,Złotoryja,Kolejowa,4,59-500,76 878 29 50,768782960,76 8782 961 wew. 108,,zlotoryja@winb.wroc.pl,,,,
Powiatowy Inspektorat Nadzoru Budowlanego w Żninie,kujawsko-pomorskie,żniński,Żnin,Potockiego,1a,88-400,52 302-08-03,,52 302-08-03,,pinb@znin.pl,,http://www.bip.powiatzninski.pl/dokumenty/150,52.848,17.7341
Powiatowy Inspektorat Nadzoru Budowlanego w Żorach,śląskie,m. Żory,Żory,ul. Wodzisławska ,1,44-240,32 435 17 40,nd,32 435 17 40,nd,zory@pinb.pl,pinb@dlawas.pl,www.pinb.zory.bip.net.pl,50.04311,18.68803
Powiatowy Inspektorat Nadzoru Budowlanego w Żurominie,mazowieckie,żuromiński,Żuromin,Lidzbarska,27,09-300,23 657 31 37,882119455,23 657 31 37,,pinb.zuromin@o2.pl,,https://pinbzuromin.bip.gov.pl/,53.0677,19.9025
Powiatowy Inspektorat Nadzoru Budowlanego w Żyrardowie,mazowieckie,żyrardowski,Żyrardów,Stefana Okrzei,19,96-300,46 855 68 73,,46 855 68 73,,pinbzyrardow@isko.net.pl,nadzor@pinb-zyrardow.pl,www.pinb-zyrardow.pl,52.0549,20.4444
Powiatowy Inspektorat Nadzoru Budowlanego w Żywcu,śląskie,Żywiec,Żywiec,ul. Bracka,30,34-300,33 860 20 61,nd,33 860 20 61,nd,pinbzywiec@op.pl,nd,www.pinbzywiec.pl,49.6909,19.1968
Powiatowy Inspektorat Nadzoru Budowlanego Warszawski Zachodni,mazowieckie,warszawski zachodni,Ożarów Mazowiecki,Poznańska,129/133,05-850,22 733 72 60 ,22 733 72 61,,,pinb@pwz.pl ,,,,
Powiatowy Inspektorat Nadzoru Budowlanego we Włocławku,kujawsko-pomorskie,włocławski,Włocławek,Brzeska,15,87-800,54 411-00-24,,54 411-21-32,,pinb_wloclawek@wp.pl,,https://pinb.pl/prezentacje/kujawsko-pomorskie/wloclawek2/,52.658,19.0671
Powiatowy Inspektorat Nadzoru Budowlanego we Włodawie,lubelskie,włodawski,Włodawa,Piłsudskiego,64,22-200,82 572 58 98,825722919,82 545 10 19,-,pinb_w@op.pl,,pinbwlodawa.pl,51.5573,23.5535
Powiatowy Inspektorat Nadzoru Budowlanego we Włoszczowie,Świętokrzyskie ,włoszczowski ,Włoszczowa ,Wiśniowa ,10,29-100,41 394 49 96,,41 394 49 96,,pinb@powiat-wloszczowa.pl,,www.starostwo.wloszczowa.eobip.pl,50.8497,19.975
Powiatowy Inspektorat Nadzoru Budowlanego we Wrocławiu,dolnośląskie,wrocławski,Wrocław,Kościuszki,131,50-440,71 722 17 88,,,,wroclaw@winb.wroc.pl,,http://pinb.ibip.wroc.pl/public/,51.0993,17.0476
Powiatowy Inspektorat NadzoruBudowlanego w Złotowie,Wielkopolskie,złotowski,Złotów,ul. Za Dworcem,3a,77-400,67 263 53 84,,67 263 53 48,,sekretariat@pinb-zlotow.pl,,http://www.pinb-zlotow.pl/,53.3568,17.0530
Powiatowy Inspektorat NadzoruBudowlanego we Wrześni,Wielkopolskie,wrzesiński,Września,ul. 3 Maja,3,62-300,61 640 45 45,,61 640 45 46,,pinb@wrzesnia.powiat.pl,,http://bip.wrzesnia.powiat.pl/,52.3241,17.5694
Wojewódzki Inspektorat Nadzoru Budowlanego w Białymstoku,podlaskie,,Białystok,Handlowa,6,15-399,85 748 12 70,,,,sekretariat@winb.bialystok.pl,,http://www.winb.bialystok.pl/,53.1168,23.1161
Wojewódzki Inspektorat Nadzoru Budowlanego w Bydgoszczy,kujawsko-pomorskie,,Bydgoszcz,Zygmunta Augusta ,16,85-082,52 584-01-10,,52 584-01-13,,winb@bydgoszcz.uw.gov.pl,sekretariat@bydgoszcz.winb.gov.pl,www.bip.winb.bydgoszcz.uw.gov.pl,53.1346,17.9937
Wojewódzki Inspektorat Nadzoru Budowlanego w Gdańsku,pomorskie,,Gdańsk,Na Stoku,50,80-874,58 305 19 71,58 305 19 74,58 305 19 79 w. 35,,sekretariat@gda.winb.gov.pl,,http://bip.gda.winb.gov.pl/,54.3482,18.6393
Wojewódzki Inspektorat Nadzoru Budowlanego w Gorzowie Wlkp.,lubuskie,,Gorzów Wlkp.,Kosynierów Gdyńskich ,75,66-400,957115463,,957115463,,sekretariat@gorzow.winb.gov.pl,,www.winb.gorzow.com.pl,52.7377,15.2295
Wojewódzki Inspektorat Nadzoru Budowlanego w Katowicach,śląskie,,Katowice,ul. Powstańców,41a,40-024,326063300,nd,326063348,nd,sekretariat@winb.katowice.pl,winbsekretariat@azp.katowice.uw.gov.pl,http://winb.katowice.bip.info.pl,50.25111,19.02828
Wojewódzki Inspektorat Nadzoru Budowlanego w Kielcach ,Świętokrzyskie,,Kielce ,al. IX Wieków Kielc ,3,25-516,41 345 38 70,41 345 72 45,41 345 70 51,,sekretariat@kielce.winb.gov.pl,,www.winbkielce.stronabip.pl,50.8754,20.6293
Wojewódzki Inspektorat Nadzoru Budowlanego w Krakowie,małopolskie,,Kraków,ul. Łobzowska,67,30-038,12 410 73 00,,12 411 12 46,,info@krakow.winb,gov.pl,,https://bip.malopolska.pl/winbkrakow,50.0715
Wojewódzki Inspektorat Nadzoru Budowlanego w Lublinie,lubelskie,,Lublin,Lubomelska,01.mar,20-072,81 534 71 84,81 534 71 85,81 534 71 98 wew. 39,81 534 71 99 wew. 39,sekretariat@lublin.winb.gov.pl,k.ogolna@lublin.winb.gov.pl,www.lublin.winb.gov.pl,51.2503,22.5524
Wojewódzki Inspektorat Nadzoru Budowlanego w Łodzi,łódzkie,,Łódź,Traugutta,25,90-113,042-637-4733,,042-639-9879,,winb@lodz.uw.gov.pl,,http://bip.lodz.winb.gov.pl/,51.7691,19.4605
Wojewódzki Inspektorat Nadzoru Budowlanego w Olsztynie,warmińsko-mazurskie,m. Olsztyn,Olsztyn,al. Marsz. J. Piłsudskiego,07.wrz,10-575,(89) 534-08-95,,(89) 534-08-97,,winb@olsztyn.winb.gov.pl,,www.olsztyn.winb.gov.pl,53.7772,20.4861
Wojewódzki Inspektorat Nadzoru Budowlanego w Opolu,opolskie,,Opole,Ozimska,19,45-057,77-45-31-884,48 606-603-558,77-45-31-884,,biuro@winb.opole.pl,,www.winb.opole.pl,50.668,17.9272
Wojewódzki Inspektorat Nadzoru Budowlanego w Poznaniu,Wielkopolskie,,Poznań,al. Niepodległości ,16/18,61-713,61 854 11 54,,61 854 18 34,,winb-pn@poznan.uw.gov.pl,,http://winb.poznan.ibip.pl/public/,52.4106,16.9191
Wojewódzki Inspektorat Nadzoru Budowlanego w Rzeszowie,podkarpackie ,rzeszowski,Rzeszów,8 marca ,5,35-065,17 852 78 29,,17 862 33 22,,biuro@winb.rzeszow.pl,,http://www.winb.rzeszow.pl/,50.387,
Wojewódzki Inspektorat Nadzoru Budowlanego w Szczecinie,zachodniopomorskie,Szczecin,Szczecin,ul. Wały Chrobrego,4,70-502,91 430 32 50,,91 430 32 50,,winb@szczecin.uw.gov.pl,,www.bip.winb.pomorzezachodnie.pl,53.4310,14.5660
Wojewódzki Inspektorat Nadzoru Budowlanego w Warszawie,mazowieckie,m.st. Warszawa,Warszawa,Czereśniowa,98,02-456,22 863 90 12,,22 863 90 15,,kancelaria@maz.winb.gov.pl,,www.maz.winb.gov.pl,52.2021,20.9291
Wojewódzki Inspektorat Nadzoru Budowlanego we Wrocławiu,dolnośląskie,,Wrocław, J. E. Purkyniego,1,50-155 , 71 346 32 40 ,71 346 32 41, 71 343 01 58 ,,winb@winb.wroc.pl,,http://www.winb.wroc.pl/,51.1105,17.0398
