addr:postcode,addr:city,addr:place,addr:street,addr:housenumber,name,operator,start_date
59-700,Bolesławiec,,Al. Tysiąclecia,32d,Warsztat Terapii Zajęciowej,Stowarzyszenie Rodziców Dzieci i Młodzieży Specjalnej Troski w Bolesławcu,2008-12-23
58-240,Piława Górna,,Szkolna,6,Warsztat Terapii Zajęciowej,Specjalny Ośrodek Szkolno - Wychowawczy,2005-12-22
58-200,Dzierżoniów,,Świdnicka,26,Warsztat Terapii Zajęciowej,Polskie Stowarzyszenie na  Rzecz Osób z Niepełnosprawnością Intelektualną,2004-12-23
67-200,Głogów,,Perseusza,9,"WarsztatyTerapii Zajęciowej ""Arka""",Polskie Stowarzyszenie na Rzecz Osób z Niepełnosprawnością Intelektualną Koło w Głogowie,1999-02-02
67-200,Głogów,,bł. Luigiego Novarese,6,"Warsztat Terapii Zajęciowej ""Przystań"" Cichych Pracowników Krzyża",Cisi Pracownicy Krzyża,2022-04-02
59-400,Jawor,,Paderewskiego,6,Warsztat Terapii Zajęciowej,Towarzystwo Przyjaciół Dzieci,2009-10-01
58-530,Kowary,,1 Maja,1,Warsztat Terapii Zajęciowej,Polskie Towarzystwo Walki z Kalectwem Oddział Terenowy  Jelenia Góra,2017-12-13
57-300,Stary Wielisław,,Stary Wielisław,83a,Warsztat Terapii Zajęciowej,Caritas Diecezji Świdnickiej,2011-12-16
59-241,Legnickie Pole,,Świętej Jadwigi,2A,Warsztat Terapii Zajęciowej,Gmina Legnickie Pole,2019-03-27
59-225,Chojnów,,Kolejowa,9,Warsztat Terapii Zajęciowej,Miasto Chojnów,2007-12-20
59-800,Lubań,,Zawidowska,4b,Warsztat Terapii Zajęciowej przy OM TPD w Lubaniu,Towarzystwo Przyjaciół Dzieci Oddział Miejski w Lubaniu,2005-07-03
59-300,Lubin,,Odrodzenia,8,"Warsztat Terapii Zajęciowej ""Przytulisko""",Fundacja im. Brata Alberta Zarząd Krajowy Radwanowice,1997-04-02
59-300,Lubin,,Odrodzenia,30,"Warsztat Terapii Zajęciowej  ""Kameleon""","Stowarzyszenie ""DAĆ NADZIEJĘ"" w Lubinie",2007-12-02
59-300,Lubin,,Odrodzenia,30,"Warsztat Terapii Zajęciowej  ""Akademia Życia""","Stowarzyszenie ""DAĆ NADZIEJĘ"" w Lubinie",2009-12-02
59-300,Lubin,,Jerzego Kukuczki,39,"Warsztat Terapii Zajęciowej  ""Promyk""","Stowarzyszenie Przyjaciół i Rodziców Osób Niepełnosprawnych ""RÓWNE SZANSE"" w Lubinie",2015-12-30
59-300,Lubin,,Jerzego Kukuczki,39,"Warsztat Terapii Zajęciowej  ""Słoneczko""","Stowarzyszenie Przyjaciół i Rodziców Osób Niepełnosprawnych ""RÓWNE SZANSE"" w Lubinie",2016-12-28
59-330,Ścinawa,,Królowej Jadwigi,5,"Warsztat Terapii Zajęciowej ""Uśmiech""",Fundacja Przystań w Ścinawie,2018-12-31
59-600,Lwówek Śląski,,Szpitalna,2,Warsztat Terapii Zajęciowej,Caritas Diecezji Legnickiej,2012-01-01
56-300,Milicz,,Osadnicza,1C,Warsztat Terapii Zajęciowej,Milickie Stowarzyszenie Przyjaciół Dzieci i Osób Niepełnosprawnych,2004-12-23
56-40,Dobroszyce,,Stawowa,23,Warsztat Terapii Zajęciowej,Caritas Archidiecezji Wrocławskiej,2007-11-19
55-200,Oława,,Iwaszkiewicza B,11,"WTZ przy Stowarzyszeniu Pomocy Dzieciom ""Tęcza""","Stowarzyszenie Pomocy Dziecom ""Tęcza""",2023-09-02
59-100,Polkowice,,Kominka,7,Warsztat Terapii Zajęciowej,"Stowarzyszenie Charytatywne ""Żyć Godnie""",2008-12-29
57-100,,Mikoszów,,27,Warsztat Terapii Zajęciowej,Stowarzyszenie Św. Celestyna w Mikoszowie,2003-12-02
55-300,Środa Śląska,,Kilińskiego,30,"Warsztat Terapii Zajęciowej ""OSTOJA""","Stowarzyszenie ""Ostoja"" na rzecz osób z niepełnosprawnościami",2008-12-16
58-150,Strzegom,,Al. Wojska Polskiego,16,Warsztat Terapii Zajęciowej,Gmina Strzegom,2017-12-21
58-100,Świdnica,,Rotmistrza Witolda Pileckiego,3,Warsztat Terapii Zajęciowej,"Stowarzyszenie ""Bliżej Ciebie"" przy Zespole Szkół Specjalnych w Świdnicy",2016-12-06
58-160,,Mokrzeszów,,111,Warsztat Terapii Zajęciowej,Polskie Stowarzyszenie Na Rzecz Osób z Upośledzeniem Umysłowym Koło w Świdnicy,2002-12-15
55-100,Trzebnica,,Daszyńskiego-46,44,Warsztat Terapii Zajęciowej,"Trzebnickie Stowarzyszenie ""Uśmiech Dziecka""",2009-12-16
55-080,Małkowice,,Klasztorna,1,Warsztat Terapii Zajęciowej,Caritas Archidiecezji Wrocławskiej,2008-12-02
57-210,Henryków,,Plac Cystersów,5,Warsztat Terapii Zajęciowej,Caritas Archidiecezji Wrocławskiej,2008-12-02
57-256,,Opolnica,,58,Warsztat Terapii Zajęciowej,Dom Pomocy Społecznej w Opolnicy,2003-12-02
59-900,Zgorzelec,,Traugutta B,77,Warsztat Terapii Zajęciowej,"Fundacja ""Niepełnosprawnym i Oczekującym Pomocy""",2006-08-16
59-540,Świerzawa,,Kościuszki,2,Warsztat Terapii Zajęciowej,Urząd Miasta i Gminy,2007-12-16
59-500,Złotoryja,,Wojska Polskiego,50,Warsztat Terapii Zajęciowej,Fundacja Ekonomii Społecznej PROM,2008-12-31
59-524,,Wojcieszyn,,37,Warsztat Terapii Zajęciowej,Urząd Gminy w Pielgrzymce,2011-10-01
58-500,Jelenia Góra,,Kiepury,44,Warsztat Terapii Zajęciowej,Polskie Towarzystwo Walki z Kalectwem OT w Jeleniej Górze,1999-10-03
58-500,Jelenia Góra,,Waryńskiego,14,Warsztat Terapii Zajęciowej,Polskie Stowarzyszenie na rzecz Osób z Niepełnosprawnością Intelektualną Koło w Jeleniej Górze,2002-01-02
59-220,Legnica,,Poselska-16,14,Warsztat Terapii Zajęciowej,Caritas Diecezji Legnickiej,2009-11-02
59-220,Legnica,,Witelona,10,"Warsztat Terapii Zajęciowej  ""Jutrzenka""","Stowarzyszenie Przyjaciół i Rodziców Osób z Upośledzeniem Intelektualnym ""JUTRZENKA""",2004-01-01
59-220,Legnica,,Roosevelta,27,Warsztat Terapii Zajęciowej  im. Andrzeja Krakowskiego,Fundacja Pomocy Dzieciom Specjalnej Troski,2007-12-30
58-306,Wałbrzych,,Ogrodowa,5a,Warsztat Terapii Zajęciowej przy PSPS nr 10 w Wałbrzychu,Publiczna Szkoła Podstawowa Specjalna nr 10 w Wałbrzychu,2001-12-16
58-309,Wałbrzych,,Nałkowskiej,4a,Warsztat Terapii Zajęciowej,Polskie Stowarzyszenie na Rzecz Osób z Upośledzeniem Umysłowym koło w Wałbrzychu,1999-07-02
58-300,Wałbrzych,,Mickiewicza,24,Warsztat Terapii Zajęciowej,Stowarzyszenie Dzieci i Rodzin Zasadniczej Szkoły Zawodowej w Wałbrzychu,2008-05-19
53-641,Wrocław,,Litomska,10,Warsztat Terapii Zajęciowej OSTOJA,Stowarzyszenie OSTOJA na Rzecz Osób z Niepełnosprawnosciami,2007-12-02
52-225,Wrocław,,Snopkowa,5,"Warsztat Terapii Zajęciowej ""U Ojca Damiana""",Fundacja im. Błogosławionego Ojca Damiana,2004-01-01
51-520,Wrocław,,Smocza,4,Warsztat Terapii Zajeciowej WSPÓLNOTA,Fundacja im. Brata Alberta,2003-01-02
51-137,Wrocław,,Al. Jana Kasprowicza,28,Warsztat Terapii Zajęciowej MUMINKI,Fundacja im. Brata Alberta,2001-10-04
54-239,Wrocław,,ks.Marcina Lutra-8,2,"Warsztat Terapii Zajęciowej ""Przystań""",Fundacja Ewangelickie Centrum Diakonii i Edukacji im. Ks. Marcina Lutra,2021-10-24
87-700,Aleksandrów Kujawski,,Wojska Polskiego,,Warsztat Terapii Zajęciowej,,2004-05-17
87-700,Otłoczyn,,Szlak Bursztynowy,95,"Warsztat Terapii Zajęciowej ""KARCZEMKA""",Fundacja im. Brata Alberta,1997-03-27
87-300,Brodnica,,Wyspiańskiego,13,Warsztat Terapii Zajęciowej,Towarzystwo Rodziców Dzieci Specjalnej Troski,2002-05-02
86-005,Białe Błota,,Szubińska,87D,Warsztat Terapii Zajęciowej,Gminny Ośrodek Pomocy Społecznej,2008-12-16
86-050,Solec Kujawski,,23 Stycznia,17C,Warsztat Terapii Zajęciowej,,2008-12-17
86-200,Chełmno,,Pl. Rydygiera,,Warsztat Terapii Zajęciowej,"Stowarzyszenie ""Ludzie-Ludziom""",2008-12-16
87-410,Kowalewo Pomorskie,,Odrodzenia,2,Warsztat Terapii Zajęciowej,Towarzystwo Przyjaciół Dzieci Oddział Okręgowy w Toruniu,1998-06-02
86-330,,Gruta,,,Warsztat Terapii Zajęciowej,"Stowarzyszenie ""Uśmiech""",2007-12-18
86-320,Łasin,,Dworcowa,2,Warsztat Terapii Zajęciowej,"Fundacja ""Ochrona Zdrowia i Rehabilitacja Niepełnosprawnych""",1998-09-28
88-100,Inowrocław,,Emilii Plater,3,"Warsztat Terapii Zajęciowej ""RAZEM""",Stowarzyszenie Pomocy Upośledzonym Umysłowo,2006-02-03
87-600,Lipno,,Wojska Polskiego,,Warsztat Terapii Zajęciowej,Towarzystwo Przyjaciół Dzieci,2006-10-01
88-330,,Bielice,,,"Warsztat Terapii Zajęciowej  ""RADOSNE SERCA""",CARITAS Archidiecezji Gnieźnieńskiej,2009-06-22
89-100,Nakło nad Notecią,,Parkowa,8,"Warsztat Terapii Zajęciowej ""POD DĘBEM""",Towarzystwo Przyjaciół Dzieci - Zarząd Oddziału Powiatowego,2007-11-28
89-115,Mrocza,,Plac Wolności,5,"Warsztat Terapii Zajęciowej Ośrodek Wsparcia ""NASZ DOM""",Towarzystwo Przyjaciół Dzieci Kujawsko-Pomorski Oddział Regionalny w Toruniu,2009-11-11
89-200,Szubin,,Sportowa,2a,"Warsztat Terapii Zajęciowej ""PELIKAN""",Liga Kobiet Polskich Kujawsko-Pomorski Oddział Wojewódzki w Bydgoszczy,2008-08-18
88-230,,Nowa Wieś,,28A,Warsztat Terapii Zajęciowej,Miasto i Gmina Piotrków Kujawski,2000-04-18
87-500,Rypin,,Strażacka,1,"Warsztat Terapii Zajęciowej ""NADZIEJA""",Liga Kobiet Polskich w Rypinie przy Kujawsko-Pomorskim Oddziale Wojewódzkim w Bydgoszczy,2007-08-02
89-400,Sępólno Krajeńskie,,Kościuszki,3,"Warsztat Terapii Zajęciowej przy Stowarzyszeniu ""Dorośli-Dzieciom""","Stowarzyszenie ""Dorośli-Dzieciom""",2007-12-02
86-170,Nowe,,Myśliwska,1A,Warsztat Terapii Zajęciowej,Fundacja Aktywizacji i Integracji,2008-12-16
86-100,Świecie,,Wojska Polskiego,173,Warsztat Terapii Zajęciowej,Towarzystwo Wspierania Osób Niepełnosprawnych,1998-07-05
89-500,Tuchola,,Przemysłowa,2,Warsztat Terapii Zajęciowej,Stowarzyszenie Rodziców Dzieci Specjalnej Troski,2011-12-01
87-200,Wąbrzeźno,,Matejki,18,Warsztat Terapii Zajęciowej,Wąbrzeskie Stowarzyszenie Pomocy Dzieciom Specjalnej Troski,2004-01-26
88-400,Żnin,,Szpitalna,,"Warsztat Terapii Zajęciowej  ""PROMYK""",Liga Kobiet Polskich Kujawsko-Pomorski Oddział Wojewódzki w Bydgoszczy,2006-12-03
85-804,Bydgoszcz,,Noakowskiego,4,"Warsztat Terapii Zajęciowej  ""PRZYSTAŃ""","Stowarzyszenie Na Rzecz Pomocy Dzieciom i Ich Rodzinom ""PRZYSTAŃ""",1998-05-02
85-806,Bydgoszcz,,Planu Letniego,6,"Warsztat Terapii Zajęciowej  ""TĘCZA""",Caritas Diecezji Bydgoskiej,2000-01-24
85-029,Bydgoszcz,,Bernardyńska,3,"Warsztat Terapii Zajęciowej  ""VICTORIA""",Polski Związek Niewidomych Okręg Kujawsko - Pomorski,1997-06-02
85-631,Bydgoszcz,,Modrzewiowa,6,"Warsztat Terapii Zajęciowej ""MODRZEW""",Liga Kobiet Polskich Kujawsko-Pomorski Oddział Wojewódzki,1998-09-21
85-329,Bydgoszcz,,Stawowa,1,"Warsztat Terapii Zajęciowej ""MEGA ART.""",Polski Związek Niewidomych Okręg Kujawsko - Pomorski,1997-02-27
85-792,Bydgoszcz,,Porazińskiej,9,"Warsztat Terapii Zajęciowej ""WIATRAK""","Fundacja ""WIATRAK""",2002-12-23
85-023,Bydgoszcz,,Toruńska,28,"Warsztat Terapii Zajęciowej  ""BIAŁY DOMEK""",Kujawsko - Pomorskie Centrum Kultury,2000-12-18
86-300,Grudziądz,,Kochanowskiego-13,11,Warsztat Terapii Zajęciowej,"Stowarzyszenie Przyjaciół Osób Niepełnosprawnych ""TO-MY""",2008-04-09
87-100,Toruń,,Mickiewicza,61,Polski Związek Niewidomych Warsztat Terapii Zajęciowej,Polski Związek Niewidomych Zarząd Główny,1999-10-28
87-100,Toruń,,Rydygiera,23,"Warsztat Terapii Zajęciowej ""BRATANKI""",Fundacja im. Brata Alberta,1997-02-24
87-100,Toruń,,Młyńska-4,2,"Warsztat Terapii Zajęciowej ""ARKADIA""","Fundacja Na Rzecz Osób Niepełnosprawnych ,,ARKADIA""",2004-10-21
87-800,Włocławek,,Łazienna,6,Warsztat Terapii Zajęciowej,Polski Związek Niewidomych,2004-10-21
87-800,Włocławek,,Wiejska,14,Warsztat Terapii Zajęciowej,Towarzystwo Pomocy Dzieciom,1999-03-16
21-543,Konstantynów,,Piłsudskiego,27,Warsztat Terapii Zajęciowej,Gminny Ośrodek Pomocy Społecznej,2017-12-24
21-580,Wisznice,,Wygoda,4,Warsztat Terapii Zajęciowej,Gminny Ośrodek Pomocy Społecznej,2009-12-29
21-509,Kodeń,,Nadbrzeżna,12,Warsztat Terapii Zajęciowej,Gminny Ośrodek Pomocy Społecznej,2008-12-01
21-560,Międzyrzec Podlaski,,Zarówie,86,Warsztat Terapii Zajęciowej,Stowarzyszenie Osób Niepełnosprawnych,2003-01-02
23-460,Józefów,,"Czesława Mużacza ""Selima""",1,Warsztat Terapii Zajęciowej,Gmina Józefów,1999-09-27
23-425,,Biszcza,,228,Warsztat Terapii Zajęciowej,Fundacja na rzecz osób niepełnosprawnych i potrzebujących pomocy Otwórzmy Swoje Serca,2009-09-02
23-400,Biłgoraj,,Sienkiewicza,15,Warsztat Terapii Zajęciowej,"Stowarzyszenie Pomocy Dzieciom Niepełnosprawnym ""Krok za Krokiem"" w Zamościu Koło Terenowe w Biłgora",2003-09-02
22-107,Sawin,,Chełmska,5,Warsztat Terapii Zajęciowej,Gminny Ośrodek Pomocy Społecznej,2007-12-20
22-120,Wojsławice,,Uchańska,114,Warsztat Terapii Zajęciowej,Gmina Wojsławice,2008-12-18
22-130,Majdan Zahorodyński,,Majdan Zahorodyński,1,Warsztat Terapii Zajęciowej,Ośrodek Pomocy Społecznej,2010-12-21
22-170,Rejowiec Fabryczny,,Mickiewicza,3,Warsztat Terapii Zajęciowej,Miasto Rejowiec Fabryczny,2009-12-15
22-500,Hrubieszów,,Górna,17,Warsztat Terapii Zajęciowej w Hrubieszowie,Polskie Stowarzyszenie na rzecz Osób z Niepełnosprawnością Intelektualną Koło w Hrubieszowie,2001-09-02
22-540,,Oszczów Kolonia,,30,Warsztat Terapii Zajęciowej w Oszczowie przy GOPS w Dołhobyczowie,Gminny Ośrodek Pomocy Społecznej w Dołhobyczowie,2002-06-02
22-550,,Alojzów,,39,Warsztat Terapii Zajęciowej w Alojzowie,Polskie Stowarzyszenie na rzecz Osób z Niepełnosprawnością Intelektualną Koło w Werbkowicach,1999-07-18
23-300,Janów Lubelski,,Zamoyskiego,77,Warsztat Terapii Zajęciowej,CARITAS Diecezji Sandomierskiej,2012-10-29
22-300,Krasnystaw,,Szkolna,9,Warsztat Terapii Zajęciowej,Krasnostawskie Stowarzyszenie na Rzecz Osób Niepełnosprawnych,1999-11-03
22-310,,Żułów,,,Warsztat Terapii Zajęciowej,Towarzystwo Opieki nad Ociemniałymi - Zakład Opiekuńczo Rehabilitacyjny dla Niewidomych Kobiet,1999-10-17
23-275,Gościeradów,,Folwark,20,Warsztat Terapii Zajęciowej,Dom Pomocy Społecznej,2001-11-04
21-110,Ostrów Lubelski,,Unicka,5B,Warsztat Terapii Zajęciowej,"Stowarzyszenie Inicjatyw Edukacyjnych ,,Pro Educatio""",2009-12-01
21-150,Kock,,Przechodnia,9a,Warsztat Terapii Zajęciowej,Polskie Towarzystwo Walki z Kalectwem,2009-12-01
20-515,,Krężnica Jara,,498,Warsztat Terapii Zajęciowej,"Fundacja ""Między Nami""",1998-01-12
21-070,,Janowica,,27,Warsztat Terapii Zajęciowej  w Janowicy,Polskie Stowarzyszenie na Rzecz Osób z Niepełnosprawnością Intelektualną,2005-06-16
21-420,Stoczek Łukowski,,Piłsudskiego,32,Warsztat Terapii Zajęciowej,Miasto Stoczek Łukowski,1999-02-15
21-400,Łuków,,Staropijarska,3,Warsztat Terapii Zajęciowej,"Stowarzyszenie Centrum Przedsiębiorczości, Integracji i Edukacji",2005-10-02
24-320,Poniatowa,,11-go Listopada,5,Warsztat Terapii Zajęciowej,Stowarzyszenie na Rzecz Osób Niepełnosprawnych i Starszych,2007-12-03
21-200,Parczew,,Kościelna,53,Warsztat Terapii Zajęciowej,CARITAS Diecezji Siedleckiej,2009-12-02
24-100,Puławy,,Wróblewskiego,21,Warsztat Terapii Zajęciowej,Puławskie Stowarzyszenie Ochrony Zdrowia Psychicznego,2005-04-02
24-100,Puławy,,6-go Sierpnia,20,Warsztat Terapii Zajęciowej,Puławskie Stowarzyszenie Na Rzecz Osób Niepełnosprawnych,2000-03-02
24-150,Nałęczów,,Spółdzielcza,17a,Warsztat Terapii Zajęciowej,Nałęczowskie Stowarzyszenie Charytatywne,2001-07-02
21-311,,Kolembrody,,,Warsztat Terapii Zajęciowej,Gmina Komarówka Podlaska,2012-12-29
08-500,Ryki,,Wyczólkowskiego,12,Warsztat Terapii Zajęciowej,Polskie Stowarzyszenie na Rzecz Osób z Niepełnosprawnością Intelektualną Koło w Rykach,2007-12-16
08-530,Dęblin,,Niepodległości,8,Warsztat Terapii Zajęciowej,Miasto Dęblin,2008-12-15
21-007,Mełgiew,,Partyzancka,42,Warsztat Terapii Zajęciowej,Stowarzyszenie Integracji Społecznej,2007-12-02
21-040,Świdnik,,T. Kościuszki,,Warsztaty Terapii Zajeciowej,Polskie Stowarzyszenie na Rzecz Osób z Upośledzeniem Umysłowym Koło w Świdniku,2002-06-09
22-672,,Grabowica,,,Warsztat Terapii Zajęciowej,Urząd Gminy,2012-11-02
22-650,,Muratyn,,,Warsztat Terapii Zajęciowej,Urząd Gminy,2006-11-30
22-600,Tomaszów Lubelski,,Siwa Dolina,2A,Warsztat Terapii Zajęciowej,Polskie Stowarzyszenie na Rzecz Osób z Upośledzeniem Umysłowym,1999-07-18
22-200,Włodawa,,Sztabowa,3,Warsztat Terapii Zajęciowej przy MOPS we Włodawie,Miejski Ośrodek Pomocy Społecznej,2001-02-03
22-440,,Dominikanówka,,92,Warsztat Terapii Zajęciowej,Gmina Krasnobród,2004-06-16
22-435,,Wolica Brzozowa,,22A,Warsztat Terapii Zajęciowej,Gmina Komarów Osada,2006-12-06
22-448,,Rozłopy,,70,Warsztat Terapii Zajęciowej,Gmina Sułów,2008-11-09
22-470,Zwierzyniec,,Partyzantów,3B,Warsztat Terapii Zajęciowej,Gmina Zwierzyniec,2007-11-30
22-420,,Lipina Stara,,48,Warsztat Terapii Zajęciowej,Gmina Skierbieszów,2012-11-22
21-500,Biała Podlaska,,Prosta,35,Warsztat Terapii Zajęciowej,"Spółdzielnia Inwalidów ""ELREMET""",1998-09-02
21-500,Biała Podlaska,,Warszawska,15,Warsztat Terapii Zajęciowej,Caritas Diecezji Siedleckiej,2011-12-28
22-100,Chełm,,Połaniecka,10,Warsztat Terapii Zajęciowej,"Integracyjne Stowarzyszenie Osób Niepełnosprawnych ""PROMETEUSZ""",2002-12-17
22-100,Chełm,,Lubelska,135E,Warsztat Terapii Zajęciowej,Ośrodek Pomocy Osobom Niepełnosprawnym przy Parafii Miłosierdzia Bożego,2007-12-02
20-060,Lublin,,Głowackiego,35,Warsztat Terapii Zajęciowej,Spółdzielnia Niewidomych im. M. Sękowskiego,1997-06-02
20-840,Lublin,,Rogowskiego,5,Warsztat Terapii Zajęciowej,Polskie Stowarzyszenie na Rzecz Osób z Niepełnosprawnością Intelektualną-Koło,1998-07-02
20-214,Lublin,,Gospodarcza,32,Warsztat Terapii Zajęciowej im. T. Klimczaka,"Stowarzyszenie ""Źródło"" Osób Niepełnosprawnych Umysłowo, ich Rodzin i Przyjaciół",1998-09-02
20-147,Lublin,,Al. Spółdzielczości Pracy,65,Warsztat Terapii Zajęciowej,Fundacja Aktywator,1998-10-04
20-323,Lublin,,Jastrzębia,3,Warsztat Terapii Zajęciowej,Fundacja Teatroterapia Lubelska,1999-10-02
20-607,Lublin,,Konrada Wallenroda,2A,Warsztat Terapii Zajęciowej,Lubelskie Towarzystwo Dobroczynności,1999-12-02
20-850,Lublin,,Radzyńska,3,Warsztat Terapii Zajęciowej,"Stowarzyszenie ""Źródło"" Osób Niepełnosprawnych Umysłowo, ich Rodzin i Przyjaciół",2001-12-02
20-236,Lublin,,Doświadczalna,46,Warsztat Terapii Zajęciowej,Stowarzyszenie na Rzecz Dzieci i Młodzieży Niepełnosprawnej Ruchowo,2007-12-16
20-380,Lublin,,Głuska,138,"Warsztat Terapii Zajęciowej ""MISERICORDIA""","Charytatywne Stowarzyszenie Niesienia Pomocy Chorym ""Misericordia""",2010-12-28
22-400,Zamość,,Kopernika,5,Warsztat Terapii Zajęciowej,"Stowarzyszenie Pomocy Dzieciom Niepełnosprawnym ""Krok za Krokiem""",2007-12-02
22-400,Zamość,,Generała Orlicz-Dreszera,14,Warsztat Terapii Zajęciowej,Polskie Stowarzyszenie na Rzecz Osób z Niepełnosprawnością Intelektualną,1997-11-02
22-400,Zamość,,Podchorążych,2,Warsztat Terapii Zajęciowej,Parafia Rzymskokatolicka św. Michała Archanioła w Zamościu,2003-10-02
66-415,Chwalęcice,,Lipowa,38,Warsztat Terapii Zajęciowej,Gmina Kłodawa,1999-05-11
66-460,Kamień Wielki,,Stawna,40,Warsztat Terapii Zajęciowej,Dom Pomocy Społecznej,1999-11-15
66-600,Krosno Odrzańskie,,Piastów,10H,Warsztat Terapii Zajęciowej,Urząd Gminy Krosno Odrzańskie,2004-12-23
66-620,Gubin,,Gdańska,17,Warsztat Terapii Zajęciowej,Urząd Gminy o statusie miejskim w Gubinie,2008-12-28
66-300,Międzyrzecz,,Podbielskiego,2,Warsztat Terapii Zajęciowej,Dom Pomocy Społecznej,1999-10-02
67-100,Nowa Sól,,Wróblewskiego,9,Warsztat Terapii Zajęciowej,"Stowarzyszenie Dzieci i Młodzieży Niepełnosprawnej ""Pomóż nie będę sam""",2010-12-30
69-113,Żabice,,Lipowa,12,Warsztat Terapii Zajęciowej w Żabicach,Gmina Górzyca,2009-12-30
66-500,Strzelce Krajeńskie,,Słowackiego,14,Warsztat Terapii Zajęciowej,Gmina Strzelce Krajeńskie,2010-09-26
69-200,Sulęcin,,Lipowa,16c,Warsztat Terapii Zajęciowej,"Stowarzyszenie ""Razem"" w Sulęcinie",1998-09-16
66-200,Świebodzin,,Strzelecka,1,"Warsztat Terapii Zajęciowej przy ""Postęp"" S.A.","PPH ""POSTĘP"" Zakład Pracy Chronionej",1997-10-15
67-400,Wschowa,,Plac Kosynierów,1c,Warsztat Terapii Zajęciowej,"Stowarzyszenie Na Rzecz Osób Niepełnosprawnych ""Nasz Ośrodek""",2000-06-18
67-300,Wiechlice,,Jesionowa,3,Warsztat Terapii Zajęciowej,Szprotawskie Stowarzyszenie Osób Niepełnosprawnych,2006-01-03
68-200,Żary,,Bohaterów Getta,19,Warsztat Terapii Zajęciowej,Miejski Ośrodek Pomocy Społecznej,2009-12-26
68-300,Lubsko,,Emilii Plater,28,Warsztat Terapii Zajęciowej,Parafia Rzymsko - Katolicka pw. NNMP,2004-11-11
66-400,Gorzów Wielkopolski,,Czereśniowa,15,Warsztat Terapii Zajęciowej,Stowarzyszenie Rodzin Katolickich Zarząd Główny Diecezji Zielonogórski-Gorzowskiej,2002-12-31
66-400,Gorzów Wielkopolski,,Walczaka,42,Warsztat Terapii Zajęciowej,"Fundacja ,,Złota Jesień""",2003-11-10
65-249,Zielona Góra,,Kościuszkowców,9,"Warsztat Terapii Zajęciowej ""PRZYSTAŃ""","Katolickie Stowarzyszenie na Rzecz Osób Niepełnosprawnych ""Tęcza""",2005-10-31
65-548,Zielona Góra,,Os. Pomorskie,8,"Warsztat Terapii Zajęciowej ""WINNICA""","Katolickie Stowarzyszenie na Rzecz Osób Niepełnosprawnych ""Tęcza""",1997-01-03
65-936,Zielona Góra,,Żołnierzy Armii-40,2,"Warsztat Terapii Zajęciowej ""TĘCZA""","Katolickie Stowarzyszenie na Rzecz Osób Niepełnosprawnych ""Tęcza"" w Zielonej Górze",2004-11-23
97-400,Bełchatów,,Targowa  A,20,Warsztat Terapii Zajęciowej,Towarzystwo Przyjaciół Dzieci Oddział Powiatowy w Bełchatowie,2004-01-04
97-438,,Dąbrowa Rusiecka,,51,Warsztat Terapii Zajęciowej w Dąbrowie Rusieckiej,"Stowarzyszenie Pomocy Osobom Niepełnosprawnych 'Kuźnia Życzliwości""",2021-12-22
95-060,Brzeziny,,Konstytucji Maja,3,"Warsztat Terapii Zajęciowej  ""Blisko Ciebie""","Stowarzyszenie Rodziców i Opiekunów Dzieci Niepełnosprawnych ""Naszym Dzieciom""",2009-12-29
99-320,Żychlin,,Dobrzelińska,6,Warsztat Terapii Zajęciowej,Polskie Stowarzyszenie na Rzecz Osób z Upośledzeniem Umysłowym Koło w Żychlinie,2003-12-16
99-300,Kutno,,29-go Listopada,27,Warsztat Terapii Zajęciowej,Polskie Stowarzyszenie na Rzecz Osób z Upośledzeniem Umysłowym Koło nr 1 w Kutnie,2000-04-02
98-100,Łask,,Warszawska,14,Warsztat Terapii Zajęciowej,Miejsko-Gminny Ośrodek Pomocy Społecznej w Łasku,2002-05-02
99-100,Łęczyca,,Lotnicza,,Warsztat Terapii Zajęciowej,"Spółdzielnia Inwalidów ""Tęcza""",1997-10-28
99-440,,Urzecze,,22,Warsztat Terapii Zajęciowej,Caritas Diecezji Łowickiej,2005-01-01
99-400,,Parma,,37,Warsztat Terapii Zajęciowej,"Stowarzyszenie Osób Niepełnosprawnych ""Tacy Sami"" w Łowiczu",2004-01-01
95-040,Koluszki,,Pomorska,5,Warsztat Terapii Zajęciowej,ZPCH Discol obecnie Stowarzyszenie na Rzecz Osób Niepełnosprawnych Razem,2000-01-18
26-300,Opoczno,,Kopernika,3,Warsztat Terapii Zajęciowej,Stowarzyszenie Rodziców i Opiekunów Osób Niepełnosprawnych,2005-11-08
26-340,Drzewica,,Braci Kobylańskich,26,Warsztat Terapii Zajęciowej,Gmina i Miasto Drzewica,2009-12-16
26-330,Żarnów,,Przedborska,12,Warsztat Terapii Zajęciowej,Gmina Żarnów,2016-12-25
95-200,Pabianice,,Jana Pawła II,68,Warsztat Terapii Zajęciowej,Gmina Miejska Pabianice,1999-10-27
95-050,Konstantynów Łódzki,,8-go Marca,1,Warsztat Terapii Zajęciowej,"Stowarzyszenie ""Czuję sercem""",1996-11-26
97-330,Sulejów,,Kubusia Puchatka,,Warsztat Terapii Zajęciowej,Stowarzyszenie Koło Pomocy Dzieciom Niepełnosprawnym,2011-11-02
99-220,,Wilkowice,,8,Warsztat Terapii Zajęciowej,Stowarzyszenie Gospodarczo - Edukacyjne,2004-03-02
97-500,Radomsko,,Kopiec,17,Warsztat Terapii Zajęciowej,Chrześcijańskie Stowarzyszenie Dobroczynne,2007-12-02
96-200,Rawa Mazowiecka,,Miła,,Warsztat Terapii Zajęciowej,Samorządowe  Stowarzyszenie Rozwoju Ziemi Rawskiej,2010-12-28
98-200,Sieradz,,Polna,18,Warsztat Terapii Zajęciowej,Miejski Ośrodek Pomocy Społecznej,1999-11-02
97-200,Tomaszów Maz.,,Polna a,56,Warsztat Terapii Zajęciowej,"Fundacja Społeczna ""Razem"" w Tomaszowie Maz.",2002-06-02
97-200,Tomaszów Maz.,,Warszawska,95,Warsztat Terapii Zajęciowej,Stowarzyszenie Rodzin Dzieci i Osób Niepełnosprawnych w Tomaszowie Maz.,1998-06-02
97-221,,Popielawy,,108,Warsztat Terapii Zajęciowej,"Stowarzyszenie Osób Niepełnosprawnych ""Pomocna Dłoń""",2012-11-03
98-300,,Olewin,,,Warsztat Terapii Zajęciowej,Miejsko Gminny Ośrodek Pomocy Społecznej,2000-03-21
98-400,Wieruszów,,Sportowa,7,Warsztat Terapii Zajęciowej,Towarzystwo Przyjaciół Dzieci Oddział Miejski w Wieruszowie,1999-11-03
98-220,Zduńska Wola,,Zielona,5,Warsztat Terapii Zajęciowej,Stowarzyszenie Tkalnia,1997-04-08
95-070,Aleksandrów Łódzki,,1-go Maja,43,Warsztat Terapii Zajęciowej w Aleksandrowie Łódzkim,Polskie Stowarzyszenie na Rzecz Osób z Upośledzeniem Umysłowym Koło w Aleksandrowie Łódzkim,2003-12-01
95-100,Zgierz,,Chełmska,42,Warsztat Terapii Zajęciowej,Polskie Stowarzyszenie na Rzecz Osób z Niepełnosprawnością Intelektualną Koło w Zgierzu,1999-11-02
95-070,Rąbień,,Rąbień AB,59,Warsztat Terapii Zajęciowej,Fundacja Osób Społecznie Aktywnych F.O.S.A.,1997-12-23
95-035,Ozorków,,Kościuszki,31,Warsztat Terapii Zajęciowej,Polskie Stowarzyszenie Ludzi Cierpiących na Padaczkę w Ozorkowie,2010-10-02
91-072,Łódź,,Św. Jerzego,12,"WTZ ""Nowa Zorza"" przy SPON ""Nowa Zorza""","Stowarzyszenie Przyjaciół Osób Niepełnosprawnych ""Nowa Zorza""",1998-09-02
93-232,Łódź,,Lodowa,101,"Warsztat Terapii Zajęciowej przy Społdzielni Usług Techniczno-Handlowych i Wdrożeń ""ORPEL""","Spółdzielnia Usług Techniczno-Handlowych i Wdrożeń ""ORPEL""",1999-01-02
90-950,Łódź,,Telefoniczna,28,WTZ przy Spółdzielczych Zakładach Chemicznych MORS,Spółdzielcze Zakłady Chemiczne MORS,2000-05-16
90-156,Łódź,,Tkacka,34,Warsztat Terapii Zajeciowej przy Specjalnym Ośrodki Szkolno-Wychowawczym nr 3 w Łodzi,Specjalny Ośrodek Szkolno-Wychowawczy nr 3 w Łodzi,1997-10-02
90-040,Łódź,,Nawrot,94,WTZ przy Oddziale Łódzkim Polskiego Związku Głuchych,Polski Związek Głuchych Oddział Łódzki,2004-01-02
91-836,Łódź,,Al. I Dywizji,16,"WTZ przy Stowarzyszeniu na Rzecz Osób Niepełnosprawnych ""Pokój""","Stowarzyszenie na Rzecz Osób Niepełnosprawnych ""Pokój""",1998-10-02
91-149,Łódź,,Plantowa,7,WTZ przy TDP Lódź - Bałuty,Towarzystwo Przyjaciół Dzieci Oddział Dzielnicowy Łódź-Bałuty,2007-12-02
91-473,Łódź,,Skarbowa,28,"WTZ przy Międzynarodowym Stowarzyszeniu Pomocy ""Słyszę Serce""","Międzynarodowe Stowarzyszenie Pomocy ""Słyszę Serce""",2007-12-02
93-279,Łodź,,Tatrzańska,105,Warsztat Terapii Zajęciowej przy Fundacji JIM,Fundacja JIM,2009-11-16
97-300,Piotrków Trybunalski,,Rycerska,16,Warsztat Terapii Zajęciowej,Stowarzyszenie Koło Pomocy Dzieciom Niepełnosprawnym,1999-10-02
96-100,Skierniewice,,Nowobielańska,92B,Warsztat Terapii Zajęciowej,"Stowarzyszenie Osób Niepełnosprawnych ""Sprawni Inaczej""",1999-06-20
32-700,,Proszówki,,,Warsztat Terapii Zajęciowej w Proszówkach,"Stowarzyszenie na rzecz Osób Specjalnej Troski ""Amicus Hominis""",1999-12-02
32-740,,Łapanów,,,Warsztat Terapii Zajęciowej,"Katolickie Stowarzyszenie Przyjaciół Niepełnosprawnych ""Otwarte Serca"" w Łapanowie",2007-12-31
32-800,Brzesko,,Przemysłowa,,Warsztat Terapii Zajęciowej,"Stowarzyszenie Osób Niepełnosprawnych, Opiekunów i Wolontariuszy ""OSTOJA""",2005-02-02
32-865,,Zawada Uszewska,,,Warsztat Terapii Zajęciowej,"Stowarzyszenie na Rzecz Pomocy Potrzebującym i Zapobiegania Patologiom Społecznym ""Pomocna Dłoń""",2008-12-02
32-500,Chrzanów,,Sokoła,8,Warsztat Terapii Zajęciowej,Fundacja im. Brata Alberta,1999-01-26
32-590,Libiąż,,Piłsudskiego,4,Warsztat Terapii Zajęciowej w Libiążu,Fundacja im. Brata Alberta,1999-07-19
32-540,Trzebinia,,Luzara,1,Warsztat Terapii Zajęciowej,Fundacja im. Brata Alberta,2003-12-16
33-200,Dąbrowa Tarnowska,,Kościuszki,34,Warsztat Terapii Zajęciowej,"Stowarzyszenie Na Rzecz Osób Niepełnosprawnych ""Pomocna Dłoń"" w Dąbrowie Tarnowskiej",2008-12-02
33-221,Mędrzechów,,Mędrzechów,325,Warsztat Terapii Zajęciowej w Kupieninie,"Stowarzyszenie Pomocy Dziecku i Rodzinie ""Przyjazny Świat"" w Mędrzechowie",2023-01-02
38-300,Gorlice,,M.Konopnickiej,21,Warsztat Terapii Zajęciowej,"Dom Rehabilitacyjno-Opiekuńczy ""CARITAS"" w Gorlicach",2005-01-02
38-340,Biecz,,Parkowa,1,Warsztat Terapii Zajęciowej,"Stowarzyszenie Na Rzecz Pomocy Rodzinie ""Nadzieja"" w Bieczu",2010-12-28
38-311,,Bielanka,,25,Warsztat Terapii Zajęciowej,Gmina Gorlice,1997-05-26
38-305,,Lipinki,,8,Warsztat Terapii Zajęciowej,"Stowarzyszenie Trzeźwościowe ""Wolność i Miłość"" Diecezji Rzeszowskiej",2012-12-28
38-300,Gorlice,,Kard.S.Wyszyńskiego,18,Warsztat Terapii Zajęciowej,"Stowarzyszenie Na Rzecz Osób Niepełnosprawnych ""Rodzina""",1997-02-16
38-315,,Gładyszów,,45,Warsztat Terapii Zajęciowej,"Prawosławny Ośrodek Miłosierdzia Diecezji Przemysko-Gorlickiej ""ELEOS"" w Gładyszowie",2017-12-21
32-064,,Radwanowice,,1,Warsztat Terapii Zajęciowej w Radwanowicach,Fundacja im. Brata Alberta,1997-03-16
32-031,Konary,,Bonifraterska,11,Bonifraterska Fundacja Dobroczynna - Warsztat Terapii Zajęciowej,Bonifraterska Fundacja Dobroczynna,2003-12-20
32-043,Skała,,Langiewicza,8,"Warsztat Terapii Zajęciowej Fundacji ""Leonardo""","Fundacja Wspierania Rozwoju Społecznego ""Leonardo""",2010-12-02
32-125,,Pobiednik Mały,,67,Warsztat Terapii Zajęciowej w Pobiedniku Małym,"Chrześcijańskie Stowarzyszenie Osób Niepełnosprawnych, Ich Rodzin i Przyjaciół ""Ognisko""",2013-12-24
32-052,,Rzozów,,14,Warsztat Terapii Zajęciowej w Rzozowie,"Stowarzyszenie Pomocy Osobom Niepełnosprawnym i Ich Rodzinom ""Kruszynki""",2022-12-18
34-650,,Tymbark,,158,Warsztat Terapii Zajęciowej,Stowarzyszenie Remedium,1997-11-30
32-210,,Rzędowice,,,Warsztat Terapii Zajęciowej,Urząd Gminy w Książu Wielkim,1998-10-04
32-250,,Podlesice,,,Warsztat Terapii Zajęciowej,Stowarzyszenie Pomocy Szansa w Witowicach,2007-12-02
32-200,Miechów,,Sienkiewicza,,Warsztat Terapii Zajęciowej,"Polskie Stowarzyszenie na Rzecz Osób z Upośledzeniem Umysłowym, Koło w Miechowie",1998-03-02
32-440,,Harbutowice,,1,Warsztat Terapii Zajęciowej,Dom omocy Społecznej W Harbutowicach,1999-10-18
33-330,,Siołkowa,,31,Warsztat Terapii Zajęciowej,Gmina Grybów,1999-10-20
33-330,Grybów,,Grunwaldzka,14,Warsztat Terapii Zajęciowej,"Stowarzyszenie ""KARPATIA""",2000-11-01
33-331,,Stróże/B,,735,Warsztat Terapii Zajęciowej,Fundacja Pomocy Osobom Niepełnosprawnym,2006-01-01
33-386,,Gostwica,,27,Warsztat Terapii Zajęciowej,"Stowarzyszenie Rodziców Przyjaciół Dzieci i Osób Niepełnosprawnych ""PROMYK""",2007-11-29
33-390,Czarny Potok,,Czarny Potok,,Warsztat Terapii Zajęciowej,"Stowarzyszenie ""Dolina Dunajca""",2008-11-29
33-322,,Korzenna,,248,Warsztat Terapii Zajęciowej,Gmina Korzenna,2009-12-03
34-460,Szczawnica,,Park Dolny,6,"Warsztat Terapii Zajęciowej ""Perła"" w Szczawnicy",Polskie Stowarzyszenie na Rzecz Osób z Niepłnosprawnością Intelektualną Koło w Szczawnicy,2008-12-02
34-408,,Odrowąż,,33,Warsztat Terapii Zajęciowej w Odrowążu,Caritas Archidiecezji Krakowskiej,2006-01-01
32-300,Olkusz,,Gęsia,25,Warsztat Terapii Zajęciowej,Stowarzyszenie Otwartych Serc Aktywnych Kobiet (SOS),2006-12-03
32-310,Klucze,,Bolesławska,23,Warsztat Terapii Zajęciowej,Chrześcijańskie Stowarzyszenie Dobroczynne w Kluczach,2006-12-03
32-340,Lgota Wolbromska,,Skalska,22,Warsztat Terapii Zajęciowej,Polskie Stowarzyszenie na Rzecz Osób z Niepełnosprawnością Intelektualną,2006-12-03
32-660,Chełmek,,Przemysłowa,2,Warsztat Terapii Zajęciowej,Fundacja im. Brata Alberta,2003-12-15
32-104,,Łyszkowice,,64,Warsztat Terapii Zajęciowej,Dom Pomocy Społecznej im. A.Chmielewskiego,2003-12-16
34-206,,Kuków,,157,Warsztat Terapii Zajęciowej w Kukowie,Gmina Stryszawa,2007-10-29
34-210,,Zembrzyce,,1,Warsztat Terapii Zajęciowej w Zembrzycach,Caritas Archidiecezji Krakowskiej,2008-12-15
34-231,,Juszczyn b,,542,Warsztat Terapii Zajęciowej w Juszczynie,Polskie Stowarzyszenie na Rzecz Osób z Niepełnosprawnością Intelektualną Koło w Zawoi,2019-12-15
33-150,,Wola Rzędzińska,,297a,Warsztat Terapii Zajęciowej,"Stowarzyszenie Kulturalno-Oświatowe ""PIAST"" im. W. Witosa",2003-02-02
33-170,,Karwodrza,,116,Warsztat Terapii Zajęciowej,"Stowarzyszenie Pomocy Osobom Niepełnosprawnym ""Przyjaźń""",2017-12-31
32-840,,Dzierżaniny,,72,Warsztat Terapii Zajęciowej,Stowarzyszenie Przyjaciół Domu Pomocy Społecznej w Stróżach,2019-12-31
34-500,Zakopane,,Kamieniec d,32,Warsztat Terapii Zajęciowej,Polskie Stowarzyszenie na Rzecz Osób z Upośledzeniem Umysłowym Koło w Zakopanem,1996-12-03
34-116,Spytkowice,,Górki,28A,Warsztat Terapii Zajęciowej,Caritas Archidiecezji Krakowskiej,2018-12-30
34-130,,Zebrzydowice,,1,Warsztat Terapii Zajęciowej,Dom Pomocy Społecznej OO Bonifratrów w Zebrzydowicach,1997-09-02
32-420,,Podolany,,74,Warsztat Terapii Zajęciowej,Fundacja Osób Niepełnosprawnych,2005-03-02
32-320,,Śledziejowice,,336,Warsztat Terapii Zajęciowej,Fundacja L'ARCHE,1997-06-12
30-209,Kraków,,Królowej Jadwigi,81,Warsztat Terapii Zajęciowej,"Stowarzyszenie Pomocy Socjalnej ""Gaudium et Spes""os. Szkolne 35",1999-11-29
31-961,Kraków,,os.Górali,19,Warsztat Terapii Zajęciowej,"Stowarzyszenie Pomocy Socjalnej ""Gaudium et Spes""os. Szkolne 35",2002-11-14
30-393,Kraków,,Babińskiego,29,Warsztat Terapii Zajęciowej,Szpital Specjalistyczny im. dr J.Babińskiego,1999-09-22
30-725,Kraków,,Łanowa,43,Warsztat Terapii Zajęciowej,Dom Pomocy Społecznej,1998-10-25
31-055,Kraków,,Miodowa,9,Warsztat Terapii Zajęciowej,Stowarzyszenie na Rzecz Rozwoju Psychiatrii i Opieki Środowiskowej,1997-09-30
31-875,Kraków,,os.Dywizjonu nr,303,Warsztat Terapii Zajęciowej,Fundacja im. Brata Alberta,2000-12-18
31-906,Kraków,,os.Wandy,18,Warsztat Terapii Zajęciowej,Towarzystwo Przyjaciół Dzieci Oddział Nowa Huta,1998-12-21
31-985,Kraków,,Truskawkowa,4,Warsztat Terapii Zajęciowej,Towarzystwo Przyjaciół Dzieci Oddział Kraków Nowa Huta,2007-09-10
30-002,Kraków,,Basztowa,3,Warsztat Terapii Zajęciowej,"Chrześcijańskie Stowarzyszenie Osób Niepełnosprawnych, Ich Rodzin i Przyjaciół ""Ognisko""",2008-10-23
31-930,Kraków,,os. Centrum C,7,Warsztat Terapii Zajęciowej,Duszpasterskie Stowarzyszenie Osób z Upośledzeniem Umysłowym,2003-11-23
31-828,Kraków,,"ul. Fatimska a, b i Estery",41,Warsztat Terapii Zajęciowej,"Katolickie Stowarzyszenie osób Niepełnosprawnych i Ich Przyjaciół ""Klika""",2012-06-06
30-542,Kraków,,Za Torem,22,Warsztat Terapii Zajęciowej,"Stowarzyszenie ""Dobrej Nadziei""",2009-03-04
31-516,Kraków,,Rondo Mogilskie,1,Warsztat Terapii Zajęciowej,"Stowarzyszenie Integracji oraz Aktywizacji Zawodowej i Społecznej Osób Niepelnosprawnych""EMAUS""",1997-03-04
30-685,Kraków,,Cechowa,142,Warsztat Terapii Zajęciowej,Dom Pomocy Społecznej ul.Łanowa 41,2019-12-31
33-300,Nowy Sącz,,Fraislera,10,Warsztat Terapii Zajęciowej,"Stowarzyszenie Rodziców i Przyjaciół Dzieci Niepełnosprawnych Ruchowo i Umysłowo ""Nadzieja""",1998-07-02
33-300,Nowy Sącz,,Tarnowska,109,Warsztat Terapii Zajęciowej,Fundacja Pomocy Osobom z Autyzmem MADA,2010-12-02
33-100,Tarnów,,Hodowlana,6,Warsztat Terapii Zajęciowej im. Jana Pawła II,"Fundacja Rozwoju Edukacji, Pracy, Integracji",2010-10-11
33-100,Tarnów,,Ostrogskich,5B,Warsztat Terapii Zajęciowej,Polskie Stowarzyszenie na rzecz Osób z Niepełnosprawnością Intelektualną - Koło w Tarnowie,2003-12-02
33-100,Tarnów,,Klikowska,190,Warsztat Terapii Zajęciowej,Specjalny Ośrodek Szkolno-Wychowawczy,1999-04-25
26-800,,Białobrzegi,,,"Warsztat Terapii Zajęciowej  ""OLSZYNKA""","Stowarzyszenie ""Rodzina Policyjna""",2009-02-15
06-400,Ciechanów,,Pułtuska,20a,Warsztat Terapii Zajęciowej,MUSI NOVUM sp. z o.o.,1998-07-02
08-400,Miętne,,Główna,49,Warsztat Terapii Zajęciowej,Zarząd Oddziału Województwa Mazowieckiego Towarzystwa Przyjaciół Dzieci,2004-03-02
08-430,Żelechów,,Letnisko,9,Warsztat Terapii Zajęciowej,Katolickie Stowarzyszenie Niepełnosprawnych Diecezji Siedleckiej,2007-12-16
09-500,Gostynin,,Ozdowskiego,1a,Warsztat Terapii Zajęciowej,Rzymskokatolicka Parafia pw. św. Marcina w Gostyninie,2004-06-02
05-825,Grodzisk Mazowiecki,,Traugutta,40,Warsztat Terapii Zajęciowej,"Stowarzyszenie na Rzecz Osób Niepełnosprawnych ""Malwa Plus""",1998-09-02
05-825,Milanówek,,Piasta,30,Warsztat Terapii Zajęciowej,Dom Rehabilitacyjno-Opiekuńczy KSNAW,2006-01-23
05-600,Grójec,,Jana Pawła II,24,Warsztat Terapii Zajęciowej,Parafia Miłosierdzia Bożego w Grójcu,2007-09-27
05-660,Warka,,Grójecka,,Warsztat Terapii Zajęciowej,"Stowarzyszenie Na Rzecz Dzieci i Osób Niepełnosprawnych ""Tęcza""",2009-09-21
26-900,,Przewóz,,2a,Warsztat Terapii Zajęciowej,Miejsko Gminny Ośrodek Pomocy Społecznej w Kozienicach,2000-09-19
05-120,Legionowo,,Zwycięstwa,,Warsztat Terapii Zajęciowej,Ośrodek Pomocy Społecznej,2000-11-02
05-119,Legionowo,,Orląt Lwowskich,8,Warsztat Terapii Zajęciowej,"Legionowskie Stowarzyszenie ""AMICUS""",2019-12-29
27-300,Lipsko,,Zwoleńska,14,Warsztat Terapii Zajęciowej,Stowarzyszenie Pomocna Dłoń im. Św. Brata Alberta,2007-12-17
27-350,Sienno,,Szkolna,41,Warsztat Terapii Zajęciowej,Stowarzyszenie Pomocna Dłoń im. Św. Brata Alberta,2005-02-02
05-300,Mińsk Mazowiecki,,Wyszyńskiego,58,Warsztat Terapii Zajęciowej,CARITAS Diecezji Warszawsko-Praskiej,2002-12-10
05-079,Okuniew,,Południowa,8,Warsztat Terapii Zajęciowej,Fundacja LEKO,2000-03-29
05-100,Nowy Dwór Mazowiecki,,Bohaterów Modlina,77A,Warsztat Terapii Zajęciowej,Mazowiecki Oddział Wojewódzki Towarzystwa Przyjaciół Dzieci,2008-10-13
05-155,,Górki,,67,"Warsztat Terapii Zajęciowej ""W sercu kampinosu""","Fundacja Pomocy Dzieciom ""A kuku""",2024-01-01
07-410,Ostrołęka,,Celna,11A,"Warsztat Terapii Zajęciowej""Otwarte Serca""",Polski Czerwony Krzyż,2018-01-02
07-300,Stare Lubiejewo,,Słoneczna,4,Warsztaty Terapi Zajęciowej nr 4,Stowarzyszenie Pomocy Szansa,2020-12-29
05-400,Otwock,,Moniuszki,,Warsztat Terapii Zajęciowej,Polskie Stowarzyszenie na Rzecz Osób z Niepełnosprawnością Intelektualną,1997-10-02
05-410,Józefów,,Słoneczna,15,Warsztat Terapii Zajęciowej,"Stowarzyszenie Na Rzecz Osób z Niepełnosprawnościami ""Po-Godne Życie""",1998-06-30
05-462,,Radiowek,,25,"Warsztat Terapii Zajęciowej ""Jesteśmy!""","Stowarzyszenie Rodzin i Przyjaciół Osób Niepełnosprawnych Intelektualnie ""Jesteśmy!""",2013-12-24
05-501,Piaseczno,,Modrzewiowa,2,Warsztat Terapii Zajęciowej,Katolickie Stowarzyszenie Niepełnosprawnych Archidiecezji Warszawskiej,1999-12-23
09-460,Zakrzewo,,Zakrzewo,14,Warsztat Terapii Zajęciowej,Dom Pomocy Społecznej,1999-09-02
09-470,Nowe Miszewo,,Pałacowa,2B,Warsztat Terapii Zajęciowej,"Dom Pomocy Społecznej ""Nad Jarem""",1999-09-02
09-472,Mirosław,,Mirosław,23,Warsztat Terapii Zajęciowej,"Spółdzielnia Socjalna Osób Prawnych ""Centrum Usług Środowiskowych""",2018-03-02
95-530,Koszelew,,Koszelew,2,Warsztat Terapii Zajęciowej,"Fundacja ""Panaceum""",2018-04-02
09-451,Męczenino,,Męczenino,27,Warsztat Terapii Zajęciowej,Stowarzyszenie Akademia Praktyki i Innowacji,2020-03-02
09-411,Machcino,,Machcino,47,Warsztat Terapii Zajęciowej,"Fundacja ""Panaceum""",2021-02-02
09-100,Płońsk,,Płocka,17,Warsztat Terapii Zajęciowej,Caritas Diecezji Płockiej,2012-09-25
05-800,Pruszków,,3 Maja,56,"Warsztat Terapii Zajęciowej ""Ognisko""",Polskie Stowarzyszenie na Rzecz Osób z Niepełnosprawnością Intelektualną Koło w Pruszkowie,1998-09-02
05-840,Czubin,,Czubin,13,"Warsztat Terapii Zajęciowej Krajowego Stowarzyszenia ""Przyłącz się do nas"" w Czubinie","Krajowe Stowarzyszenie ""Przyłącz się do Nas""",2005-11-27
06-300,Przasnysz,,Ruda,1,Warsztat Terapii Zajęciowej,DPS,1998-08-24
26-425,Lipiny,,Lipiny,43,Warsztat Terapii Zajęciowej w Lipinach,"Fundacja ,,ADMAR'' Ruski Bród 94, 26-400 Przysucha",2009-12-20
26-422,Borkowice,,Platanowa,1,Warsztat Terapii Zajęciowej w Borkowicach,"FUNDACJA ,,OPOKA DLA WAS'' ul. Wiejska 94, 26-400 Przysucha",2006-05-31
06-150,,Świeszewo,,,Warsztat Terapii Zajęciowej w Świeszewie,"Stowarzyszenie Wsparcia Społecznego ,,Jan-Pol""",2009-12-23
26-670,Pionki,,Leśna,3,Warsztat Terapii Zajęciowej,Gmina Miasta Pionki,2008-12-16
26-625,,Młodocin Większy,,,Warsztat Terapii Zajęciowej,"Stowarzyszenie Przyjaciół Młodocina Większego i Osób Niepełnosprawnych ""Pozytywni""",2017-12-17
27-100,,Jedlanka Stara,,,Warsztat Terapii Zajęciowej,,2012-12-10
08-114,Skórzec,,Siedlecka,,Warsztat Terapii Zajęciowej,Caritas Diecezji Siedleckiej,2011-12-28
08-124,Kisielany,,Żmichy,,Warsztat Terapii Zajęciowej,Caritas Diecezji Siedleckiej,2018-12-30
96-500,Sochaczew,,Chodakowska,10,Warsztat Terapii Zajęciowej przy Stowarzyszeniu Wsparcie Społeczne JA-TY-MY,"Stowarzyszenie Wsparcie Społeczne ""JA-TY-MY""",1997-05-11
08-300,Sokołów Podlaski,,Lipowa,84,Warsztat Terapii Zajęciowej,"Caritas Diecezji Drohiczyńskiej,",2012-12-16
26-500,Szydłowiec,,Zamkowa,9,Warsztat Terapii Zajęciowej,Stowarzyszenie Pomocy Osobom Niepełnosprawnym,2007-12-18
26-510,Ostałówek,,Ostałówek,,Warsztat Terapii Zajęciowej,"Stowarzyszenie Abstynentów Klub ""Opoka""",2013-12-15
26-503,Mirówek,,Mirówek,,Warsztat Terapii Zajęciowej,Fundacja Osiem Marzeń,2017-10-17
02-586,Warszawa,,Jarosława Dąbrowskiego,71,Warsztat Terapii Zajęciowej,"Stowarzyszenie Przyjaciół Osób z Ograniczeniem Samodzielności Życiowej ""AGIS""",1998-01-02
01-441,Warszawa,,Deotymy,41,Warsztat Terapii Zajęciowej,Katolickie Stowarzyszenie Archidiecezji Warszawskiej,1999-01-12
01-197,Warszawa,,Karolkowa,71,Warsztat Terapii Zajęciowej,Katolickie Stowarzyszenie Archidiecezji Warszawskiej,2001-10-02
02-389,Warszawa,,Bohaterów Września,7,Warsztat Terapii Zajęciowej,"Stowarzyszenie Rodziców i Opiekunów Osób z Niepełnosprawnością Intelektualną ""Wiara i Nadzieja""",1997-07-02
01-335,Warszawa,,Konarskiego,60,Warsztat Terapii Zajęciowej,Fundacja Pomocy Ludziom z Niepełnosprawościami,2006-02-02
02-639,Warszawa,,Głogowa,2B,Warsztat Terapii Zajęciowej,Polskie Stowarzyszenie na Rzecz Osób z Niepełnosprawnością Intelektualną,1997-11-04
03-291,Warszawa,,Św. Wincentego,85,"Warsztat Terapii Zajęciowej ""POMOST""","Bródnowskie Stowarzyszenie Przyjaciół i Rodzin Osób z Zaburzeniami Psychicznymi ""POMOST""",2000-08-21
02-597,Warszawa,,Sobieskiego,9,Warsztat Terapii Zajęciowej,Instytut Psychiatrii i Neurologii,1997-08-02
34-18,Warszawa,,Równa,10,"Warsztat Terapii Zajęciowej ""OTWARTE DRZWI""","Stowarzyszenie ""Otwarte Drzwi""",2005-02-21
47-48,Warszawa,,Przedwiośnie,1,"Warsztat Terapii Zajęciowej ""Na Przedwiośniu""",Dom Pomocy Społecznej,1999-05-20
19-08,Warszawa,,Wólczyńska,64,"Warsztat Terapii Zajęciowej ""Dom""","Fundacja Pomocy Osobom z Niepełnosprawnością Intelektualną ""Dom""",1998-10-02
00-775,Warszawa,,Konduktorska,4,Warsztat Terapii Zajęciowej,Spółdzielnia Nowa Praca Niewidomych Cepelia,1998-06-29
17-80,Warszawa,,Broniewskiego,9,Warsztat Terapii Zajęciowej,Fundacja Perpetuum Mobile,2008-11-03
19-03,Warszawa,,M. Dąbrowskiej,15,Warsztat Terapii Zajęciowej,Towarzystwo Budownictwa Społecznego Selenus,1999-12-21
02-695,Warszawa,,Orzycka,20,Warsztat Terapii Zajęciowej,Warszawski Oddział Terenowy Krajowego Towarzystwa Autyzmu,2000-10-02
05-870,Bramki,,Północna,18,"Warsztat Terapii Zajęciowej Krajowego Stowarzyszenia ""Przyłącz się do nas""","Krajowe Stowarzyszenie ""Przyłącz się do nas""",1998-06-10
05-092,Sadowa,,Jagodowa,2,Warsztaty Terapii Zajęciowej w Sadowej,"""Społeczna Pomoc - Stowarzyszenie Dom""",2007-12-02
07-111,,Jaworek,,,Warsztat Terapii Zajęciowej,"Stowarzyszenie Pomocy Osobom Niepełnosprawnym ""Jawor""",2007-10-02
50-91,Ząbki,,Rychlińskiego,1,Warsztat Terapii Zajęciowej,"Drewnickie Stowarzyszenie Rodzin i Przyjaciół Osób z Zaburzeniami Psychicznymi ""Empatia""",1996-01-03
07-202,Wyszków,,Świętojańska,89A,PSOUU Koło w Wyszkowie Warsztaty Terapii Zajęciowej,Polskie Stowarzyszenie Na Rzecz Osób z Upośledzeniem Umysłowym Koło w Wyszkowie,2008-12-07
26-720,,Wilczowola,,,Warsztat Terapii Zajęciowej,Stowarzyszenie na Rzecz Pomocy Rodzinie  i Poszkodowanym w Wypadkach Komunikacyjnych w Zwoleniu,2007-12-02
09-300,Żuromin,,Kościuszki,2,Warsztat Terapii Zajęciowej,Caritas Diecezji Płockiej,2005-11-24
96-300,Żyrardów,,1 maja a,43,Warsztat Terapii Zajęciowej,MUSI Novum,1997-04-29
07-410,Ostrołęka,,Mazowiecka,2,"Warsztat Terapii Zajęciowej ""Motylki""",Ogólnopolskie Stowarzyszenie Osób Niepełnosprawnych,1997-06-10
09-402,Płock,,3-go Maja,16,Warsztat Terapii Zajęciowej,"Stowarzyszenie Pomocy Osobom z Niepełnosprawnością Umysłową ""Jestem""",1999-05-06
09-400,Płock,,Królowej Jadwigi,9b,Warsztat Terapii Zajęciowej,Towarzystwo Przyjaciół Dzieci,2001-11-04
09-400,Płock,,Sienkiewicza,54,Warsztat Terapii Zajęciowej,Caritas Diecezji Płockiej,2000-05-30
09-408,Płock,,Harcerska,91,Warsztat Terapii Zajęciowej,Parafia Rzymskokatolicka pod wezwaniem Św. Jakuba Apostoła,2003-12-17
09-402,Płock,,Sienkiewicza,22,Warsztat Terapii Zajęciowej,Zakład Karny,1998-09-29
09-400,Płock,,Mościckiego,6,Warsztat Terapii Zajęciowej,Towarzystwo Przyjaciół Dzieci,2000-02-17
26-600,Radom,,Struga,88,Warsztat Terapii Zajęciowej,"Stowarzyszenie Pomocy Dzieciom Niewidomym i Niedowidzącym ""NADZIEJA""",1999-11-07
26-600,Radom,,Grenadierów,18,Warsztat Terapii Zajęciowej,Polskie Stowarzyszenie Na Rzecz Osób z Upośledzeniem Umysłowym,2003-01-21
26-600,Radom,,25-go Czerwca,68,"Warsztat Terapii Zajęciowej ""Leśniczówka""",Polski Związek Głuchych Terenowy Ośrodek Rehabilitacji i Wsparcia Społecznego Niesłyszących,2009-12-21
26-600,Radom,,Królowej Jadwigi,15,Warsztat Terapii Zajęciowej,Polski Związek Niewidomych Okręg Mazowiecki,2011-03-02
26-600,Radom,,Maratońska,1,"Warsztat Terapii Zajęciowej ""START""","Radomskie Stowarzyszenie Sportu i Rehabilitacji Osób Niepełnosprawnych ""START""",2011-12-30
26-600,Radom,,Kolejowa,14,Warsztat Terapii Zajęciowej,"Stowarzyszenie Pomocy Niepełnosprawnym Centrum Edukacyjno - Rehabilitacyjne ""Do Celu""",2018-12-18
08-110,Siedlce,,Bpa Świrskiego,57,Warsztat Terapii Zajęciowej,Caritas Diecezji Siedleckiej,2005-05-01
49-300,Brzeg,,1-go Maja,2,Warsztat Terapii Zajęciowej,Brzeskie Stowarzyszenie Chorych Na SM,2009-08-06
49-200,,Jędrzejów,,32a,Warsztat Terapii Zajęciowej,Grodkowskie Stowarzyszenie Osób Niepełnosprawnych i Ich Przyjaciół,2001-12-23
49-340,Lewin  Brzeski,,Kościuszki52,,Warsztat Terapii Zajęciowej,"Stowarzyszenie Przyjaciół i Osób Niepełnosprawnych ""POMÓŻMY IM""",2003-12-09
48-100,Głubczyce,,Sobieskiego,5,Warsztat Terapii Zajęciowej,Powiat Głubczycki,2006-01-03
47-200,Kędzierzyn Koźle,,Skarbowa,4,Warsztat Terapii Zajęciowej,Polskie Stowarzyszenie Na Rzecz Osób z Niepełnosprawnością Intelektualną,2008-12-14
46-200,Kluczbork,,Katowicka,9,Warsztat Terapii Zajęciowej,Caritas Diecezji Opolskiej,1999-07-21
47-303,Krapkowice,,Mickiewicza,1,Warsztat Terapii Zajęciowej,Gmina Krapkowice,2004-12-29
46-100,Namysłów,,Pułaskiego,3b,Warsztat Terapii Zajęciowej,"Stowarzyszenie Przyjaciół Chorych ""NADZIEJA""",2009-12-02
48-300,Nysa,,Grodkowska,26,Warsztat Terapii Zajęciowej,Caritas Diecezji Opolskiej,1999-03-29
48-340,Głuchołazy,,Kolonia Kaszubska,2,Warsztat Terapii Zajęciowej,Stowarzyszenie Przyjaciół i Absolwentów Zespołu Szkół w Głuchołazach,2004-01-12
46-300,Olesno,,Dworcowa,13a,Warsztat Terapii Zajęciowej przy Towarzystwie Pomocy Ludziom,Towarzystwo Pomocy Ludziom,1999-02-02
46-310,,Uszyce,,,Warsztaty Terapii Zajęciowej prowadzone przez Zgromadzenie Braci Szkół Chrześcijańskich,Zgromadzenie Braci Szkół Chrześcijańskich,2008-11-03
46-083,Stare Siołkowice,,Piastowska,28,Warsztat Terapii Zajęciowej,Caritas Diecezji Opolskiej,2006-09-03
47-120,Zawadzkie,,Czarna,2,Warsztat Terapii Zajęciowej,Zgromadzenie Braci Szkół Chrześcijańskich,2006-01-03
45-115,Opole,,Mieleckiego A,4,Warsztat Terapii Zajęciowej,"Fundacja ""Dom Rodzinnej Rehabilitacji Dzieci z Porażeniem Mózgowym"".",1997-05-16
38-700,Ustrzyki Dolne,,Gombrowicza,37,Warsztat Terapii Zajęciowej,Stowarzyszenie Wprowadzać w Świat,2009-12-20
36-213,,Haczów,,,Warsztat Terapii Zajęciowej,Polskie Stowarzyszenie na Rzecz Osób z Niepełnosprawnością Inetelktualną Koło w Haczowie,2002-12-22
36-200,,Stara Wieś,,,Warsztat Terapii Zajęciowej,Gmina Brzozów,2001-12-20
39-230,Brzostek,,Szkolna,23,Warsztat Terapii Zajęciowej,Parafia Rzymsko-Katolicka pw. Podwyższenia Krzyża Świętego w Brzostku,2006-01-01
39-200,Dębica,,Sienkiewicza,1,Warsztat Terapii Zajęciowej,"Stowarzyszenie Rodziców i Przyjaciół Osób Niepełnosprawność ""RADOŚĆ""",2007-12-31
39-203,,Bobrowa Wola,,22,Warsztat Terapii Zajęciowej,"Stowarzyszenie Rodziców i Przyjaciół Osób Niepełnosprawnych ""RADOŚĆ""",2010-12-29
37-500,Jarosław,,3-go Maja,39,Warsztat Terapii Zajęciowej,Polskie Stowarzyszenie na rzecz Osób z Niepełnosprawnością Intelektualną Koło w Jarosławiu,2000-05-01
38-200,Jasło,,Floriańska,170,Warsztat Terapii Zajęciowej,Specjalny Ośrodek Szkolno-Wychowawczy im. Janusza Korczaka w Jaśle,2003-05-02
36-100,Kolbuszowa,,Tyszkiewiczów,3,Warsztat Terapii Zajęciowej,Caritas Diecezji Rzeszowskiej,2008-12-23
38-480,Rymanów,,Dworska,40,Warsztat Terapii Zajęciowej,Polskie Stowarzyszenie na Rzecz Osób z Upośledzeniem Umysłowym Koło w Rymanowie,2001-12-31
38-600,,Huzele,,110,Warsztat Terapii Zajęciowej w Huzelach,Stowarzyszenie Rodziców Dzieci Specjalnej Troski w Lesku,2003-11-30
37-300,Leżajsk,,Jarosławska,4,Warsztat Terapii Zajęciowej,Caritas Archidiecezji Przemyskiej Oddział Leżajsk,2005-02-02
37-630,Oleszyce,,Zielona,1,Warsztat Terapii zajęciowej im. sw. Józefa,"Stowarzyszenie na rzecz Osób Niepełnosprawnych ""Razem""",2018-12-23
37-114,,Białobrzegi,,,Warsztat Terapii Zajęciowej,Stowarzyszenie Przyjaciół Młodzieży Specjalnej Troski w Łańcucie,2005-06-02
39-300,Mielec,,Kocjana,15,Warsztat Terapii Zajęciowej,Miejski Ośrodek Pomocy Społecznej w Mielcu,1998-08-04
37-420,Rudnik nad Sanem,,Rzeszowska,,Warsztat Terapii Zajęciowej,Caritas Diecezji Sandomierskiej,2010-10-17
37-741,,Korytniki,,14,Warsztat Terapii Zajęciowej,Polskie Towarzystwo Walki z Kalectwem Oddział w Przemyślu,2007-12-06
37-200,Przeworsk,,Kasztanowa,1,Warsztat Terapii Zajęciowej,Fundacja Pomocy Młodzieży im.św.J.Pawła II „Wzrastanie” w Lipniku z/s w Łopuszce Małej,2004-01-25
39-100,Ropczyce,,Mickiewicza,59,Warsztat Terapii Zajęciowej Caritas Diecezji Rzeszowskiej,Caritas Diecezji Rzeszowskiej,2007-12-16
39-110,,Wielopole Skrzyńskie,,,Warsztat Terapii Zajęciowej w Wielopolu Skrzyńskim,Urząd Gminy Wielopole Skrzyńskie,2015-12-21
36-046,,Zgłobień,,69,Warsztat Terapii Zajęciowej,Polskie Stowarzyszenie Młodzież Sprawna Inaczej,2000-11-03
38-500,Sanok,,Zielona,1,"Warsztat Terapii Zajęciowej Stowrzyszenia ""Świetlik""","Stowarzyszenie ""ŚWIETLIK""",2021-02-02
38-500,Sanok,,Robotnicza,19,"Warsztat Terapii Zajęciowej Stowarzyszenia na Rzecz Osób Niepełnosprawnych ""PROGRES""","Stowarzyszenie na Rzecz Osób Niepełnosprawnych ""PROGRES"" w Sanoku",1998-01-26
37-450,Stalowa Wola,,Podleśna,2,Warsztat Terapii Zajęciowej,Miejski Ośrodek Pomocy Społecznej,2000-01-18
37-450,Stalowa Wola,,Hutnicza,14,Warsztat Terapii Zajęciowej,"Stowarzyszenie na Rzecz Osób Szczególnej Troski ""Nadzieja""",2007-12-23
37-450,Stalowa Wola,,Czarnieckiego1,,Warsztat Terapii Zajęciowej,"Stowarzyszenie na Rzecz Dzieci i Młodzieży Niepełnosprawnej ""Szansa""",2007-12-25
38-102,,Różanka,,100,Warsztat Terapii Zajęciowej,Caritas Diecezji Rzeszowskiej,2005-10-17
39-432,Gorzyce,,11 Listopada,12,Warsztat Terapii Zajęciowej,Ośrodek Pomocy Społecznej w Gorzycach,2010-12-16
39-450,Baranów Sandomierski,,Zamkowa,24,Warsztat Terapii Zajęciowej,Miejsko-Gminny Ośrodek Pomocy Społecznej,2003-09-16
38-400,Krosno,,Grodzka,49,Warsztat Terapii Zajęciowej,Polskie Stowarzyszenie na Rzecz Osób z Niepełnosprawnością Intelektualną Koło w Krośnie,1996-09-02
37-700,Przemyśl,,Lelewela,8A,Warsztat Terapii Zajęciowej SWONI,Stowarzyszenie Wspierania Osób Niepełnosprawnych Intelektualnie,2007-11-01
37-700,Przemyśl,,Słowackiego,85,WTZ w Przemyskim Klubie Sportu i Rekreacji Niewidomych i Słabowidzących PODKARPACIE,Przemyski Klub Sportu i Rekreacji Niewidomych i Słabowidzących PODKARPACIE,1997-07-04
37-700,Przemyśl,,Sobótki,23,Warsztat Terapii Zajeciowej w Przemyślu,Polskie Towarzystwo Walki z Kalectwem Oddział w Przemyślu,2016-12-18
35-111,Rzeszów,,Krakowska,18,Warsztat Terapii Zajęciowej,Caritas Diecezji Rzeszowskiej,2000-09-17
35-322,Rzeszów,,Załęska,7A,Warsztat Terapii Zajęciowej,Dom Pomocy Społecznej,1999-09-28
39-400,Tarnobrzeg,,Al. Niepodległości,2,Warsztat Terapii Zajęciowej,Polskie Stowarzyszenie Na Rzecz Osób z Niepełnosprawnością Intelektualną Koło w Tarnobrzegu,1997-05-15
39-400,Tarnobrzeg,,Sandomierska,24,Warsztat Terapii Zajęciowej,Parafia Matki Bożej Nieustającej Pomocy,1997-08-28
16-300,Augustów,,Portowa,12,Stowarzyszenie na Rzecz Osób Niepełnopsrawnych WTZ w Augustowie,Stowarzyszenie na Rzecz Osób Niepełnosprawnych WTZ w Augustowie,1997-12-02
16-030,Ogrodniczki,,Białostocka,62,Warsztat Terapii Zajęciowej,Podlaskie Stowarzyszenie Sportowe Osób Niepełnosprawnych „START”,1999-10-02
16-020,Czarna Białostocka,,Czajkowskiego,9,Warsztat Terapii Zajęciowej,Stowarzyszenie Osób Niepełnosprawnych „RAZEM”,2006-04-27
16-050,,Nowa Wola,,,Warsztat Terapii Zajęciowej,Fundacja Nowa Wola,2014-12-02
17-100,Bielsk Podlaski,,Żwirki i Wigury,4,Warsztat Terapii Zajęciowej,Caritas Diecezji Drohoczyńskiej,2014-12-30
19-200,Grajewo,,Os. Południe,61,Warsztat Terapii Zajęciowej,Stowarzyszenie Wspierania Inicjatyw Społecznych Na Rzecz Osób Niepełnosprawnych,2005-02-02
17-200,Hajnówka,,3-go Maja,63,Warsztat Terapii Zajęciowej,Parafia pw. Św. Trójcy,2008-12-02
18-500,Kolno,,Wojska Polskiego,48,Warsztat Terapii Zajęciowej,Fundacja Vita Familiae,2009-12-09
18-421,,Marianowo,,5,Warsztat Terapii Zajęciowej,Stowarzyszenie Rodzice Dzieciom Troski Specjalnej,2003-12-02
19-100,Mońki,,Al. Niepodległości,3,Warsztat Terapii Zajęciowej,Caritas Archdiecezji Białostockiej,2009-12-21
16-500,Sejny,,1 Maja,2,Warsztat Terapii Zajęciowej,Regionalne Stowarzyszenie na Rzecz Osób Niepełnosprawnych,2006-01-02
17-300,Siemiatycze,,Bartosza  Głowackiego,2,Warsztat Terapii Zajęciowej,Dom Zakonny Zgromadzenia Sióstr Karmelitanek Dzieciątka Jezus,2009-12-21
17-306,,Dołubowo,,35,Warsztat Terapii Zajęciowej,"Stowarzyszenie Pomocy ""Szansa""",2013-12-29
16-100,Sokółka,,Piłsudskiego,5,Warsztat Terapii Zajęciowej,"Stowarzyszenie na Rzecz Osób Niepełnosprawnych ""Razem""",2000-11-27
16-200,Dąbrowa Białostocka,,Gen. Sulika,1,Warsztat Terapii Zajęciowej,"Stowarzyszenie na Rzecz Osób Niepełnosprawnych ""Radość Życia""",2003-12-11
16-424,Filipów,,Stefa Batorego,,Warsztat Terapii Zajęciowej,Fundacja Rozwoju Przedsiębiorczości,2002-02-02
18-230,Ciechanowiec,,Pl. Ks. K. Kluka,4,Warsztat Terapii Zajęciowej,"Stowarzyszenie na rzecz Osób Niepełnosprawnych ""Natura""",2010-12-16
18-218,,Stare Racibory,,,Warsztat Terapii Zajęciowej,"Stowarzyszenie Pomocy ""SZANSA""",2010-12-28
18-305,Szumowo,,Cmentarna,,Warsztat Terapii Zajęciowej,Prowincja Siedlecka Zgromadzenia Sióstr Służek NMP Niepokalanej,2010-12-01
15-644,Białystok,,Storczykowa,7,Warsztat Terapii Zajęciowej,Fundacja AC,1997-05-05
15-702,Białystok,,Knyszyńska,12a,Warsztat Terapii Zajęciowej,Caritas Archidiecezji Białostockiej,1999-12-28
15-399,Białystok,,Transportowa,4,Warsztat Terapii Zajęciowej,"Stowarzyszenie ""MY DLA INNYCH""",2008-01-01
15-025,Białystok,,Kraszewskiego,26,Warsztat Terapii Zajęciowej,Spółdzielnia SNB,1997-08-03
18-400,Łomża,,Bernatowicza,3,"Warsztat Terapii Zajęciowej przy Zakładach Spożywczych ""BONA"" sp. z o.o.","Zakłady Spożywcze ""BONA"" Sp. z o.o.",1999-09-16
16-400,Suwałki,,Utrata,9,Warsztat Terapii Zajęciowej,Towarzystwo  Przyjaciół Dzieci,1999-08-02
77-100,Bytów,,Szarych Szeregów,13,"Warsztat Terapii Zajęciowej ""Jesteśmy""","Stowarzyszenie ""Jesteśmy""",2006-01-02
89-650,Czersk,,Pomorska,10,Warsztat Terapii Zajęciowej,Stowarzyszenie Rodziców i Opiekunów Działających Na Rzecz Dzieci i Młodzieży Niepełnosprawnej,2005-03-13
89-620,Chojnice,,Przemysłowa,3a,Warsztat Terapii Zajęciowej,Polskie Stowarzyszenie na rzecz Osób z Niepełnosprawnością Intelektualną Koło w Chojnicach,2007-12-02
89-632,Brusy,,Armii Krajowej,1,Warsztat Terapii Zajęciowej,"Stowarzyszenie Na Rzecz Osób Niepełnosprawnych ""Ty i Ja""",2013-12-02
77-330,Czarne,,Zamkowa,19,"Warsztat Terapii Zajęciowej ""Promyk""",Powiat Człuchowski,2008-10-01
83-000,Pruszcz Gdański,,Grunwaldzka,71c,Warsztat Terapii Zajęciowej,Polskie Stowarzyszenie na Rzecz Osób z Upośledzeniem Umysłowym,2008-12-02
83-032,Kolnik,,Dębowa,4,Warsztat Terapii Zajęciowej,"Fundacja ""Żyć godnie""",2008-09-16
83-050,Łapino Dolne,,Sienkiewicza,50,Warsztat Terapii Zajęciowej,Caritas Archidiecezji Gdańskiej,2004-01-02
83-022,Krzywe Koło,,Krzywe Koło,36,Warsztat Terapii Zajęciowej,Caritas Archidiecezji Gdańskiej,2004-02-02
83-333,Chmielno,,Garncarska,1,Warsztat Terapii Zajęciowej,Gmina Chmielno,2012-03-02
83-314,Somonino,,Osiedlowa,17,Warsztat Terapii Zajęciowej,Gmina Somonino,2008-08-02
83-322,Stężyca,,Kartuska a,73,Warsztat Terapii Zajęciowej,Fundacja Słoneczne Wzgórze w Stężycy,2018-07-16
83-400,Kościerzyna,,Słoneczna,1,Warsztat Terapii Zajęciowej,"Fundacja ""Sprawni Inaczej"" Oddział w Kościerzynie",2012-12-17
82-420,Ryjewo,,Słoneczna,14,Warsztat Terapii Zajęciowej,"Stowarzyszenie Pomocy Społecznej ""Słoneczne Wzgórze"" w Ryjewie",1997-08-07
82-500,,Górki,,4,Warsztat Terapii Zajęciowej,"Fundacja ""Misericordia""",1997-08-24
84-300,Lębork,,Krzywoustego,1,Warsztat Terapii Zajęciowej,"Stowarzyszenie Pomocy Dzieciom Niepełnosprawnym ""Jesteśmy Razem""",2018-12-30
82-200,Malbork,,Slowackiego,45,Warsztat Terapii Zajęciowej,Dom Pomocy Społecznej,1999-07-02
82-230,,Dębina,,48,Warsztat Terapii Zajęciowej,"Stowarzyszenie na Rzecz Osób Niepełnosprawnych ""Słoneczny Promyk""",2009-12-02
82-100,Nowy Dwór Gdański,,Kościuszki,23,Warsztat Terapii Zajęciowej,"Stowarzyszenie ""Sprawni Inaczej""",1997-05-01
82-100,Marzęcino,,Główna,12,Warsztat Terapii Zajęciowej,"Stowarzyszenie dla Osób Niepełnosprawnych  ""Pomocna Dłoń""",1998-09-08
82-103,Jantar,,Gdańska,38,Warsztat Terapii Zajęciowej,"Stowarzyszenie Przyjaciół Niepełnosprawnych ""Dar""",2006-12-17
84-100,Puck,,Mestwina,32,"Warsztat Terapii Zajęciowej ""Razem""","Puckie Stowarzyszenie Wspierające Osoby Niepełnosprawne ""Razem""",2003-12-04
76-251,Sycewice,,Słupska,11,Warsztat Terapii Zajęciowej w Sycewicach,Caritas Diecezji Koszalińsko-Kołobrzeskiej,2021-01-31
83-230,Lalkowy,,Lalkowy,10,Warsztat Terapii Zajęciowej,Stowarzyszenie Przyjaciół Osób Niepełnosprawnych i Potrzebujących Wsparcia,2010-12-16
83-220,Skórcz,,Kościelna,5,Warsztat Terapii Zajęciowej Caritas,Caritas Diecezji Pelplińskiej,2002-12-17
83-250,Skarszewy,,Kościerska a,11,Warsztat Terapii Zajęciowej,Polskie Stowarzyszenie na Rzecz Osób z Niepełnosprawnością Intelektualną Koło w Skarszewach,2004-01-11
83-200,Starogard Gdański,,Ks. Bpa Dominika,8,Warsztat Terapii Zajęciowej przy Zespole Caritas Parafii NSPJ,Zespół Caritas Parafii Najświętszego Serca Pana Jezusa,2007-11-04
82-400,,Koniecwałd,,,Warsztat Terapii Zajęciowej,Stowarzyszenie Pomocy Dzieciom i Młodzieży Niepełnosprawnej,2003-12-08
82-440,Dzierzgoń,,Traugutta,13,Warsztat Terapii Zajęciowej,Stowarzyszenie Pomocy Dzieciom i Młodzieży Niepełnosprawnej,2019-12-16
83-130,Pelplin,,Sambora,28,Warsztat Terapii Zajęciowej,Caritas Diecezji Pelplińskiej,2011-07-01
83-110,Tczew,,Wigury,84,Warsztat Terapii Zajęciowej,Koło Polskiego Stowarzyszenia na Rzecz Osób z Niepełnosparwnością Intelektualną,1997-12-15
83-110,Tczew,,Grunwaldzka,1,Warsztat Terapii Zajęciowej,Stowarzyszenie na Rzecz Szkolnictwa Specjalnego,2007-01-01
84-230,Rumia,,Ks. Lucjana Gierosa,8a,Centrum im. Św. Siostry Faustyny,Caritas Archidiecezji Gdańskiej,2000-09-06
84-207,Bojano,,Wybickiego,3,Warsztat Terapii Zajęciowej,"Fundacja ""Szczęśliwa Rodzina"" im. Św. Siostry Faustyny Kowalskiej",2009-12-21
84-200,Wejherowo,,3-go Maja,49,Warsztat Terapii Zajęciowej,"Fundacja Zdrowia ""Esco""",2006-11-08
84-210,Lubiatowo,,Spacerowa,38,Warsztat Terapii Zajęciowej,"Fundacja Anny Dymnej ""Mimo Wszystko""",2018-11-26
80-397,Gdańsk,,Kołobrzeska,57,"Warsztat Terapii Zajęciowej ""Bolek i Lolek""",Fundacja Edukacji Ekologicznej i Promocji Zdrowia,2000-07-02
80-351,Gdańsk,,Tysięclecia,24,Warsztat Terapii Zajęciowej,Polskie Stowarzyszanie na Rzecz Osób z Niepełnosprawnością Intelektualną Koło w Gdańsku,1999-07-28
80-512,Gdańsk,,Północna,5,Warsztat Terapii Zajęciowej,"Fundacja ""Sprawni Inaczej""",1997-04-20
80-251,Gdańsk,,Batorego,12,Warsztat Terapii Zajęciowej,Stowarzyszenie Przedsiębiorczości i Rehabilitacji,1999-12-09
80-530,Gdańsk,,Uczniowska,33,"Warsztat Terapii Zajęciowej ""Tratwa""","""POL-WEST"" Sp. z o.o.",1999-10-16
80-309,Gdańsk,,Bażyńskiego,32,Warsztat Terapii Zajęciowej,Stowarzyszenie Aktywnych Na Pomoc,1999-04-16
81-428,Gdynia,,Hallera A,31,Warsztat Terapii Zajęciowej,"ADAPA, Fundacja na Rzecz Osób z Autyzmem i Innymi Zaburzeniami Rozwoju",2010-12-30
81-425,Gdynia,,Harcerska,4,Warsztat Terapii Zajęciowej przy PSONI koło w Gdyni,Polskie Stowarzyszenie na Rzecz Osób z Niepełnosprawnością Intelektualną Koło w  Gdyni,2005-03-02
81-089,Gdynia,,Jęczmienna,8,Warsztat Terapii Zajęciowej przy CPC im.Św.O.Pio,Caritas Archidiecezji Gdańskiej,2008-10-20
81-183,Gdynia,,Boisko,4,Warsztat Terapii Zajęciowej przy Stowarzyszeniu Osób z Wadą Słuchu CISZA,Stowarzyszenie Osób z Wadą Słuchu Cisza,2008-12-05
76-200,Słupsk,,M. Skłodowskiej Curie,3,Warsztat  Terapii Zajęciowej Polskiego  Związku  Niewidomych,Polski Związek Niewidomych  w Warszawie,2001-10-21
76-200,Słupsk,,Długosza,22,"Warsztat Terapii Zajęciowej ""Diament""",Polskie Stowarzyszenie na Rzecz Osób z Upośledzeniem Umysłowym Koło w Słupsku,2006-12-17
42-504,Będzin,,Podłosie,10,Warsztat Terapii Zajęciowej,"Stowarzyszenie ""Bądź z nami""",2007-12-02
43-300,Bielsko-Biała,,Olszówki,102,Warsztat Terapii Zajęciowej,Specjalistyczny Psychiatryczny ZOZ,2003-01-02
43-502,Czechowice Dziedzice,,Nad Białką,1e,Warsztat Terapii Zajęciowej FELICITAS,Stowarzyszenie FELICITAS Kreacja Rzeczywistości,2022-04-02
43-430,Skoczów,,Sportowa,13,Warsztat Terapii Zajęciowej,"Powiatowy Dom Pomocy Społęcznej ""Feniks""",1999-05-25
42-230,Stary Koniecpol,,Częstochowska,150,Warsztat Terapii Zajęciowej,Katolickie Stowarzyszenie Niepełnosprawnych,2000-09-16
44-194,Knurów,,Szpitalna,29,Osrodek M.B. Uzdrowienie Chorych w Knurowie,Caritas Archidiecezji Katowickiej,1998-04-02
44-120,Pyskowice,,Wojska Polskiego,3,"Warsztaty Terapii Zajęciowej ""Tęcza""","Stowarzyszenie Integracji Zawodowej i Społecznej Osób Niepełnosprawnych ""Tęcza""",2010-12-16
42-134,Hutka,,Długa,1,Warsztat Terapii Zajęciowej,Towarzystwo Przyjaciół Dzieci ŚOR,2011-12-28
42-160,,Dankowice Drugie,,,Warsztat Terapii Zajęciowej,Śląskie Stowarzyszenie Pomocy Osobom Niepełnosprawnym,2017-12-31
42-700,Lubliniec,,Kochcicka,14,Warsztat Terapii Zajęciowej,Dom Pomocy Społecznej,1998-10-09
43-190,Mikołów,,Pl. Salwatorianów,4,Warsztat Terapii Zajęciowej,Polskie Stowarzyszenie na Rzecz Osób z Niepełnosprawnością Intelektualną Koło w Mikołowie,1999-07-02
43-190,Mikołów,,Gliwicka,366,Warsztat Terapii Zajęciowej,Ośrodek dla Osób Niepełnosprawnych Miłosierdzie Boże,1997-09-02
42-320,,Ogorzelnik,,50,Warsztat Terapii Zajęciowej,Towarzystwo Przyjaciół Dzieci Śląski Oddział w Katowicach,2009-11-03
42-350,Wojsławice,,Polna,3,Warsztat Terapii Zajęciowej,Gminno Miejski Ośrodek Pomocy Społecznej,2010-11-26
43-200,Pszczyna,,Św. Jadwigi,4,Warsztat Terapii Zajęciowej,Caritas Archidiecezji Katowickiej,2000-06-01
47-400,Racibórz,,Rzeźnicza,8,Warsztat Terapii Zajęciowej,Ośrodek Pomocy Społecznej w Raciborzu,2000-10-02
44-230,Czerwionka-Leszczyny,,3 Maja A,21,Warsztat Terapii Zajęciowej Sp. z o.o.,Warsztat Terapii Zajęciowej Sp. z o.o.,2008-12-29
42-604,Tarnowskie Góry,,Śniadeckiego,1,Warsztat Terapii Zajęciowej,Salezjański Ośrodek Szkolno-Wychowawczy w Tarnowskich Górach,2004-03-02
42-660,Kalety,,Szkolna,8,Warsztat Terapii Zajęciowej,Towarzystwo Przyjaciół Dzieci Śląski Oddział Regionalny,2009-12-14
43-140,Lędziny,,Lędzińska,6,Ośrodek Błogosławiona Karolina Warsztat Terapii Zajęciowej,Caritas Archidiecezji Katowickiej Ośrodek Błogosławiona Karolina,2006-01-12
44-300,Wodzisław Śląski,,Wałowa,30,Warsztat Terapii Zajęciowej,Caritas Archidiecezji Katowickiej Ośrodek Św. Hiacynta i Franciszek,2006-12-10
44-350,Gorzyce,,Zamkowa,8,Warsztat Terapii Zajęciowej,Wojewódzki Ośrodek Lecznictwa Odwykowego i Zakład Opiekuńczo-Leczniczy w Gorzycach,1999-12-02
42-400,Zawiercie,,Sienkiewicza,66,Warsztat Terapii Zajęciowej,WTZ sp.z o.o.,2006-11-30
42-450,Łazy,,Brzozowa,19,Warsztat Terapii Zajęciowej,Chrześcijańskie Stowarzyszenie Dobroczynne,2008-12-01
34-322,Gilowice,,Zakopiańska,71,Warsztat Terapii Zajęciowej,Rada Gminy w Gilowicach,1997-08-21
34-300,Żywiec,,Kopernika,77,Warsztat Terapii Zajęciowej przy Specjalnym Ośrodku Szkolno-Wychowawczym,Specjalny Ośrodek Szkolno-Wychowawczy,2020-12-31
43-300,Bielsko-Biała,,Stefanii Sempołowskiej,13,"Warsztat Terapii Zajęciowej ""Jesteś potrzebny""","Bielskie Stowarzyszenie Artystyczne ""Teatr Grodzki""",2008-10-15
43-300,Bielsko-Biała,,prof. dr. Mieczysława Michałowicza,12,"Warsztat Terapii Zajęciowej ""PORT""","Stowarzyszenie Pomocy Rodzinie ""PORT""",2007-11-20
41-933,Bytom,,Tetmajer,2,Warsztat Terapii Zajęciowej,Bytomskie Stowarzyszenie Pomocy Dzieciom i Młodzieży Niepełnosprawnej,2004-02-01
41-902,Bytom,,Powstańców Śląskich,17,Warsztat Terapii Zajęciowej,Polskie Stowarzyszenie na Rzecz Osób z Niepełnosprawnością Intelektualną Koło w Bytomiu,1998-10-02
41-500,Chorzów,,Katowicka,77,Warsztat Terapii Zajęciowej,Spółka z o.o. WTZ,2005-08-15
41-500,Chorzów,,Beskidzka,6,Warsztat Terapii Zajęciowej,Polskie Stowarzyszenie na Rzecz Osób z Niepełnosprawnością Intelektualną Koło w Chorzowie,1998-06-16
42-200,Częstochowa,,Olszowa,2,Warsztat Terapii Zajęciowej,"Stowarzyszenie Na Rzecz Osób Niepełnosprawnych ""Integracja""",2000-09-02
42-207,Częstochowa,,Łukasińskiego,40,Warsztat Terapii Zajęciowej,Fundacja Oczami Brata,2024-01-02
41-303,Dąbrowa Górnicza,,Św. Antoniego,107,"Warsztat Terapii Zajęciowej ""Otwarte Serca""","Dąbrowskie Stowarzyszenie Na Rzecz Osób Niepełnosprawnych ""Otwarte Serca""",2007-12-24
44-100,Gliwice,,Toszecka,179,Warsztat Terapii Zajęciowej,Caritas Diecezji Gliwickiej,2004-09-26
44-109,Gliwice,,Fiołkowa,24,"Warsztat Tarapii Zajęciowej ""Tęcza""","Fundacja ""Różyczka"" z siedzibą w Gliwicach",1997-02-26
44-335,Jastrzębie-Zdrój,,Wielkopolska,1a,Warsztat Terapii Zajęciowej,Stowarzyszenie Komitet Pomocy Dzieciom Specjalnej Troski,1997-05-02
43-600,Jaworzno,,Chopina,19,Warsztat Terapii Zajęciowej,Polskie Stowarzyszenie na Rzecz Osób z Upośledzeniem Umysłowym Koło w Jaworznie,1997-02-23
40-431,Katowice,,Szopienicka,58a,"Warsztat Terapii Zajęciowej ""Promyk""",Fundacja Pomocy Dzieciom i Młodzieży Niepełnosprawnej im. Św. St. Kostki,1997-02-23
40-405,Katowice,,Oswobodzenia,92,"Śląskie Stowarzyszenie ""Ad Vitam Dignam"" Warsztat Terapii Zajęciowej","Śląskie Stowarzyszenie ""Ad Vitam Dignam""",1999-10-24
40-774,Katowice,,Panewnicka,463,"Warsztat Terapii Zajęciowej im. Ojca Stanisława Bocera,omi",Stowarzyszenie na Rzecz Niepełnosprawnych SPES,2002-11-10
40-474,Katowice,,Wojciecha,23,Warsztat Terapii Zajęciowej Osób z Upośledzeniem Umysłowym,Polskie Stowarzyszenie na Rzecz Osób z Niepełnosprawnością Intelektualną Koło Katowice-Giszowiec,2003-12-01
40-139,Katowice,,Kotlarza,10b,"Warsztat Terapii Zajęciowej ""Unikat""","Stowarzyszenie Wspierania Działań Twórczych Osób Niepełnosprawnych ""Unikat""",2008-08-13
40-837,Katowice,,Rataja,14,"Warsztat Terapii Zajęciowej ""Akcent""","Śląskie Stowarzyszenie Edukacji i Rehabilitacji Osób Niepełnosprawnych ""Akcent""",2021-04-01
40-027,Katowice,,Francuska,29,"Warsztat Terapii Zajęciowej ""Arteria""","Śląskie Centrum Edukacji i Rehabilitacji ""Arteria""",2022-03-02
41-400,Mysłowice,,Laryska7,,"SPDN ""RADOŚĆ"" Warsztat Terapii Zajęciowej","Stowarzyszenie Pomocy Dzieciom Niepełnosprawnym ""Radość""",1997-11-24
41-948,Piekary Śląskie,,Przyjaźni,48,Warsztat Terapii Zajęciowej,Polskie Stowarzyszenie na Rzecz Osób z Niepełnosprawnością Intelektualną,2010-09-26
41-706,Ruda Śląska,,Kłodnicka,103,"Osrodek dla Niepełnosprawnych ""Najświętsze Serce Jezusa""",Caritas Archidiecezji Katowickiej,1999-01-26
44-200,Rybnik,,Kościuszki,55,"Warsztat Terapii Zajęciowej nr 1 ""Przystań""",Polskie Stowarzyszenie na rzecz Osób z Niepełnosprawnością Intelektualną,2000-05-23
44-200,Rybnik-Niedobczyce,,Andersa,14,"Warsztat Terapii Zaęciowej nr 2 ""Latarnia""",Polskie Stowarzyszenie  na rzecz Osób z Niepełnosprawnością Intelektualną,2006-12-13
41-106,Siemianowice Śląskie,,Zgrzebnioka,65,Warsztat Terapii Zajęciowej,"Siemianowickie Stowarzyszenie Pomocy Dzieciom Specjalnej Troski ""Imperium Słońca""",1999-11-10
41-200,Sosnowiec,,Jodłowa,1,Warsztat Terapii Zajęciowej,Towarzystwo Przyjaciół Dzieci Oddział Miejski Sosnowiec,1998-07-02
41-200,Sosnowiec,,Mikołajczyka,55,Warsztat Terapii Zajęciowej,Fundacja im. Brata Alberta w Sosnowcu,1997-09-02
41-608,Świętochłowice,,Karpacka,3a,Warsztat Terapii Zajęciowej,Towarzystwo Przyjaciół Dzieci Oddział w Świętochłowicach,2004-02-01
43-100,Tychy,,Nowokościelna,56,Caritas Archidiecezji Katowickiej Ośrodek Św. Faustyna,Caritas Archidiecezji Katowickiej,1999-09-01
41-800,Zabrze,,Sienkiewicza,30,Warsztat Terapii Zajęciowej Caritas Diecezji Gliwickiej,Caritas Diecezji Gliwickiej,2006-12-01
41-800,Zabrze,,Hagera,4,"Warsztat Terapii Zajęciowej ""TĘCZA""","Stowarzyszenie Integracji Zawodowej i Społecznej Osób Niepełnosprawnych ""Tęcza""",2008-12-02
44-240,Żory,,Piastów Górnośląskich,6,Warsztat Terapii Zajęciowej,Polskie Stowarzyszenie Na Rzecz Osób z Upośledzeniem Umysłowym koło w Żorach,2004-11-02
28-114,Gnojno,,Gnojno,118,Warsztat Terapii Zajęciowej,Dom Pomocy Społecznej w Gnojnie,1997-12-02
28-100,Busko-Zdrój,,Kościuszki,46,Warsztat Terapii Zajęciowej,Towarzystwo Przyjaciół Dzieci Zarząd Oddziału Powiatowego,1998-12-16
28-136,,Piasek Wielki,,117,Caritas Diecezji Kieleckiej Warsztat Terapii Zajęciowej,Caritas  Diecezji Kieleckiej,2020-12-02
28-300,Jędrzejów,,Armii Krajowej11,,Warsztat Terapii Zajęciowej w Jędrzejowie,Specjalny Ośrodek Szkolno - Wychowawczy w Jędrzejwie,1998-09-02
28-300,Jędrzejów,,Mnichów,135,Warsztat Terapii Zajęciowej w Mnichowie,Dom Pomocy Społecznej w Minchowie,1998-09-02
28-500,Kazimierza Wielka,,T. Kościuszki,15,Warsztat Terapii Zajęciowej,"Stowarzyszenie Na Rzecz Osób Niepełnosprawnych ""Promyk Nadziei"" w Kazimierzy Wielkiej",2005-12-29
26-052,Zgórsko,,Szewska,28,Warsztat Terapii Zajęciowej,Dom Pomocy Społecznej,1998-12-17
26-015,,Osiny,,30,Warsztat Terapii Zajęciowej,Stowarzyszenie Pomoc Niepełnosprawnym,2006-01-02
26-070,,Fanisławice,,22,Warsztat Terapii Zajęciowej,Wiejskie Stowarzyszenie Na Rzecz Osób Niepełnosprawnych Intelektualnie i Ruchowo,2013-12-29
26-050,,Belno,,143,Warsztat Terapii Zajęciowej,"Stowarzyszenie ""Braterskie Serca""",2017-12-28
26-025,,Sędek,,63,Warsztat Terapii Zajęciowej,Gmina Łagów,2019-12-29
26-200,Końskie,,Gimnazjalna,41b,Warsztat Terapii Zajęciowej,"Towarzystwo Wspierania Rozwoju Powiatu ""Wszechnica Konecka""",2000-06-18
27-532,,Bidziny,,142,Warsztat Terapii Zajęciowej przy Stowarzyszeniu Akademia Pomysłu,Stowarzyszenie Akademia Pomysłu,2019-10-06
27-500,Opatów,,Juliusza Słowackiego,13,Warsztat Terapii Zajęciowej Nr 1 przy Domu Pomocy Społecznej w Zochcinku,Dom Pomocy Społecznej w Zochcinku,1998-07-08
27-500,Opatów,,Szpitalna,4,Warsztat Terapii Zajęciowej Nr 2 przy Domu Pomocy Społecznej w Zochcinku,Dom Pomocy Społecznej w Zochcinku,2021-12-10
27-515,,Czekarzewice Drugie,,125,Warsztat Terapii Zajęciowej przy Loklanej Grupie Działania Powiatu Opatowskiego,Stowarzyszenie Loklana Grupa Działania Powiatu Opatowskiego,2020-12-22
27-530,,Sobów,,117,Warsztat Terapii Zajęciowej przy Domu Pomocy Społecznej w Sobowie,Dom Pomocy Społecznej w Sobowie,2021-12-20
27-400,Ostrowiec Świętokrzyski,,Żabia,31,"WTZ przy Stowarzyszeniu ""SZANSA""","Stowarzyszenie Na Rzecz Warsztatu Terapii Zajęciowej ""Szansa""",2004-02-02
27-400,Ostrowiec Świętokrzyski,,Osiedle Pułanki,10,"Stowarzyszenie ""Razem"" na Rzecz Osób Niepełnosprawnych Umysłowo Warsztat Terapii Zajęciowej","Stowarzyszenie ""Razem"" na Rzecz Osób Niepełnosprawnych Umysłowo",1997-08-02
27-415,,Miłkowska-Karczma,,141a,"WARSZTAT TERAPII ZAJĘCIOWEJ ZAJĘCIOWEJ ""ZINTEGROWANI""",STOWARZYSZENIE ZINTEGROWANI,2023-12-31
28-400,Pińczów,,Polna,48,Warsztat Terapii Zajęciowej,Stowarzyszenie Rozwoju Kulturalno Gospodarczego Powiatu Pińczowskiego,2003-11-25
27-600,Sandomierz,,Jakubowskiego,5,"Warsztat Terapii Zajęciowej przy Stowarzyszeniu ""INTEGRACJA""","Stowarzyszenie ""Integracja""",1997-09-28
27-600,Sandomierz,,Zawichojska,13,"Warsztat Terapii Zajęciowej przy Stowarzyszeniu ""TRATWA""","Stowarzyszenie na Rzecz Pomocy Osobom Niepełnosprawnym ""Tratwa""",1999-05-23
27-630,,Piotrowice,,18,Warsztat Terapii Zajęciowej w Piotrowicach,"Stowarzyszenie ""Spełnić marzenia""",2000-06-06
27-650,,Śmiechowice,,99,Warsztat Terapii Zajęciowej,Gmina Samborzec,2002-12-31
26-110,Skarżysko-Kamienna,,Równoległa,23,Warsztat Terapii Zajęciowej,Stowarzyszenie Na Rzecz Warsztatów Terapii Zajęciowej „Tęcza”,1997-09-24
26-110,Skarżysko-Kamienna,,Kościuszki,38,Warsztat Terapii Zajęciowej,Stowarzyszenie Rodzin i Przyjaciół Osób Niepełnosprawnych,1998-09-02
27-225,Kałków-Godów,,Godów,84A,Warsztat Terapii Zajęciowej,Parafia Rzymsko-katolicka w Kałkowie-Godowie,2003-11-17
27-200,Starachowice,,Wiosenna,5,Warsztat Terapii Zajęciowej,Parafia Rzymskokatolicka św. Judy Tadeusza,1998-07-02
28-230,Połaniec,,Lipowa,20,Warsztat Terapii Zajęciowej,Miasto i Gmina Połaniec,2004-01-02
29-105,,Ostrów,,57,Warsztat Terapii Zajęciowej,Caritas Archidiecezji Kieleckiej,2010-12-28
25-705,Kielce,,Krzemionkowa,1,Warsztat Terapii Zajęciowej przy DPS im. Św. Brata Alberta w Kielcach,Dom Pomocy Społecznej im. Św. Brata Alberta,1997-05-28
25-731,Kielce,,Słoneczna,9,Warsztat Terapii Zajęciowej przy DPS im. Jana Pawła II,Dom Pomocy Społecznej im. Jana Pawła II,1997-05-13
11-220,Górowo Iławieckie,,Kardynała Wyszyńskiego,13,Warsztat Terapii Zajęciowej,"Stowarzyszenie Na Rzecz Osób Niepełnosprawnych i Profilatyki Zdrowia ""JESTEŚMY RAZEM""",2010-11-24
11-200,Bartoszyce,,Generała Bema,51A,Warsztat Terapii Zajęciowej,Stowarzyszenie Integracji Osób Niepełnosprawnych,2009-12-02
14-530,Frombork,,Krasickiego,4,Warsztat Terapii Zajęciowej,Caritas Archidiecezji Warmińskiej,2010-07-02
13-200,DZIAŁDOWO,,M. C. Skłodowskiej,20,Warsztat Terapii Zajęciowej,Polskie Stowarzyszenie Na Rzecz Osób z Niepełnosprawnością Intelektualną,2001-05-23
82-340,Tolkmicko,,Szpitalna,2,Warsztat Terapii Zajęciowej,Dom Pomocy Społecznej,1999-07-11
82-300,,Władysławowo,,4,Warsztat Terapii Zajęciowej,Dom Pomocy Społecznej,2000-05-02
82-316,,Kamiennik Wielki,,10,Warsztat Terapii Zajęciowej,Gminny Ośrodek Pomocy Społecznej,2004-07-02
19-300,Ełk,,Kolejowa,31,Warsztat Terapii Zajęciowej,Katolickie Stowarzyszenie Niepełnosprawnych Diecezji Ełckiej,2000-07-30
11-500,Giżycko,,Dąbrowskiego,15,Warsztat Terapii Zajęciowej,Polskie Stowarzyszenie Na Rzecz Osób z Upośledzeniem Umysłowym Koło,2004-04-02
11-520,Ryn,,Konrada Wallenroda,4,Warsztat Terapii Zajęciowej,"Ryńskie Stowarzyszenie Integracji Przyjaciół Osób Niepełnosprawnych ""Dar Serca""",1998-09-02
19-500,Gołdap,,Przytorowa,5,Warsztat Terapii Zajęciowej,CARITAS Diecezji Ełckiej,2004-08-02
14-260,Lubawa,,Kupnera,18,Warsztat Terapii Zajęciowej,Stowarzyszenie na Rzecz Ośrodka Aktywności,2000-06-21
14-240,Susz,,Piastowska,37,Warsztat Terapii Zajęciowej,Stowarzyszenie Rozwoju i Przedsiębiorczości Ziemi Suskiej,2006-08-01
14-200,Iława,,Wiejska,2d,Warsztat Terapii Zajęciowej,Polskie Stowarzyszenie na Rzecz Osób z Upośledzeniem Umysłowym Koło,1997-07-02
11-400,Kętrzyn,,Budowlana,5,Warsztat Terapii Zajęciowej,Mazurskie Stowarzyszenie na Rzecz Osób Niepełnosprawnych,1999-10-25
11-130,Henrykowo,,Henrykowo,,Warsztat Terapii Zajęciowej,Caritas Archidiecezji Przemysko-Warszawskiej,2010-07-16
11-130,Orneta,,Przemysłowa,15,Warsztat Terapii Zajęciowej,Orneckie Stowarzyszenie Wspierania Osób Niepełnosprawnych,1998-05-28
11-700,Mrągowo,,Olsztyńska,16,Warsztat Terapii Zajęciowej,"Fundacja ""ELF""",2021-03-01
11-730,Mikołajki,,Kolejowa,13,Warsztat Terapii Zajęciowej,Polskie Stowarzyszenie Na Rzecz Osób z Niepełnosprawnością Intelektualną  Koło w Mikołajkach,2006-03-16
13-100,Nidzica,,Krzywa,9,Warsztat Terapii Zajęciowej w Nidzicy,Polskie Stowarzyszenie na rzecz Osób z Niepełnosprawnością Intelektualną - Koło w Nidzicy,1997-09-16
13-300,Nowe Miasto Lubawskie,,Grunwaldzka,38,Warsztat Terapii Zajęciowej,Zarząd Oddziału Miejskiego Towarzystwa Przyjaciół Dzieci,2000-06-25
19-400,Olecko,,Kopernika,6,Warsztat Terapii Zajęciowej,Urząd Miejski w Olecku,1999-10-02
11-040,Dobre Miasto,,Garnizonowa,20,Warsztat Terapii Zajęciowej,Polskie Stowarzyszenie Na Rzecz Osób z Niepełnosprawnością Intelektualną Koło w Dobrym Mieście,2008-12-01
11-015,Olsztynek,,Ostródzka,4c,Warsztat Terapii Zajęciowej,Stowarzyszenie Na Rzecz Osób Niepełnosprawnych i Ich Rodzin w Olsztynku,2010-12-01
11-300,Biskupiec,,Gdańska,1,Warsztat Terapii Zajęciowej,Polskie Stowarzyszenie Na Rzecz Osób z Niepełnosprawnością Intelektualną Koło w Biskupcu,2004-07-01
14-100,Kajkowo,,Jeziorna,1b,Warsztat Terapii Zajęciowej,Polskie Stowarzyszenie na rzecz Osób z Niepełnosprawnością Intlektualną Koło w Ostródzie,2003-10-02
14-300,Morąg,,Wróblewskiego,15B,Warsztat Terapii Zajęciowej,Towarzystwo Przyjaciół Dzieci Oddział Okręgowy,2007-12-02
12-200,Pisz,,Pl. Daszyńskiego,11A,Warsztat Terapii Zajęciowej,"Stowarzyszenie ""Przymierze - Ziemia Piska""",2006-12-17
12-100,Szczytno,,Wielbarska,4,Warsztat Terapii Zajęciowej,Stowarzyszenie Na Rzecz Osób Niepełnosprawnych,1997-03-29
11-606,,Olszewo Węgorzewskie,,41,Warsztat Terapii Zajęciowej,"Stowarzyszenie Osób Niepełnosprawnych ""EMPATIA""",2008-10-16
82-300,Elbląg,,Saperów,14F,Warsztat Terapii Zajęciowej,Fundacja Pomocy Dzieciom Niepełnosprawnym im. Matki Teresy z Kalkuty,1997-10-15
82-300,Elbląg,,Beniowskiego,68,Warsztat Terapii Zajęciowej,"Stowarzyszenie ""TACY SAMI""",1997-10-15
82-300,Elbląg,,1 Maja,1,Warsztat Terapii Zajęciowej,Polskie Stowarzyszenie Na Rzecz Osób z Niepełnosprawnością Intelektualną Koło w Elblągu,1999-08-15
10-900,Olsztyn,,Traktorowa,35,Warsztat Terapii Zajęciowej przy Polskim Stowarzyszeniu na Rzecz Osób z Niepełnosprawnością Intelekt,Miejski Zespół ds. Rehabilitacji Zawodowej i Społecznej Osób Niepełnosprawnych,1997-04-02
10-900,Olsztyn,,Bałtycka,45,Warsztat Terapii Zajęciowej przy Stowarzyszeniu Wyjątkowe Serce,Miejski Zespół ds. Rehabilitacji Zawodowej i Społecznej Osób Niepełnosprawnych,1999-12-02
64-800,Chodzież,,Zdrojowa,14,Warsztat Terapii Zajęciowej,Obywatelska Fundacja Na Rzecz Dzieci Niepełnosprawnych i Potrzebujących Pomocy,1997-04-14
64-707,Gębice,,Kasztanowa,45,"Warsztat Terapii Zajęciowej ""Empatia""","Stowarzyszenie na Rzecz Osób Psychicznie Chorych i Niepełnosprawnych Intelektualnie ""Empatia""",2004-03-02
64-980,Trzcianka,,Grunwaldzka,14a,Warsztat Terapii Zajęciowej,"""Caritas"" Parafii pw. Św. Jana Chrzciciela w Trzciance",2005-06-02
64-730,Wieleń,,Mickiewicza,9,Warsztat Terapii Zajęciowej,"""Caritas"" Parafii pw. Św. Jana Chrzciciela w Trzciance",2007-12-05
62-200,Gniezno,,Kolejowa,2,Warsztat Terapii Zajeciowej,"Stowarzyszenie Rodzin i Osób Niepełnosprawnych ""RAZEM""",2000-06-02
62-270,Kłecko,,Targowa,6,Warsztat Terapii Zajęciowej,Caritas Archidiecezji Gnieźnieńskiej,2005-09-05
63-820,Piaski,,Szkolna,1,Warsztat Terapii Zajęciowej,"Stowarzyszenie na Rzecz Osób Niepełnosprawnych ""Kreatywni""",2004-06-29
62-067,Rakoniewice,,Krystyny,30,Warsztat Terapii Zajęciowej,"Stowarzyszenie Pomocy Dzieciom ""SERCE""",2004-03-02
62-065,Grodzisk Wielkopolski,,Rakoniewicka,16,Warsztat Terapii Zajęciowej,Polskie Stowarzyszenie na Rzecz Osób z Niepełnosprawnością Intelektualną,2007-10-02
63-200,Jarocin,,Wrocławska,39,WTZ przy Stowarzyszeniu OPUS,Stowarzyszenie OPUS,2008-01-02
62-840,Koźminek,,Ciasna,3a,Warsztat Terapii Zajęciowej,"Wiejskie Stowarzyszenie Działające Na Rzecz Osób Niepełnosprawnych ""Razem Łatwiej"" w Koźminku",2008-12-02
62-860,,Cienia Druga,,,Warsztat Terapii Zajęciowej w Cieni Drugiej,"Stowarzyszenie ""Dar Serca"" w Opatówku",2024-02-04
63-604,Słupia pod Kępnem,,Katowicka,10,Warsztat Terapii Zajęciowej,Caritas Diecezji Kaliskiej,2005-12-14
62-600,Koło,,Dąbska,40,"Warsztat Terapii Zajęciowej ""Sprawni Inaczej""","Kolskie Stowarzyszenie Osób Niepełnosprawnych ""Sprawni Inaczej""",2009-12-28
62-600,Koło,,Wojciechowskiego,21A,Warsztat Terapii Zajęciowej PSONI,Polskie Stowarzyszenie na rzecz Osób z Niepełnosprawnością Intelektualną,1998-09-27
62-650,Kłodawa,,Dąbska,29,Warsztat Terapii Zajęciowej,"Stowarzyszenie ""Sprawni Inaczej""",2020-12-16
62-561,,Ignacewo,,19,Warsztat Terapii Zajęciowej Fundacji na Rzecz Rozwoju Dzieci i Młodzieży OTWARCIE,Fundacja na Rzecz Rozwoju Dzieci i Młodzieży OTWARCIE,1997-12-29
62-541,,Nieborzyn,,40A,Warsztat Terapii Zajęciowej,Polskie Towarzystwo Przyjaciół Dzieci Oddział Powiatowy w Koninie,2007-10-16
62-550,Wilczogóra,,Plac Kościelny,2,Warsztat Terapii Zajęciowej,"Polskie Stowarzyszenie Na Rzecz Osób z Niepełnosprawnością Intelektualną, Koło w Wilczynie",1998-06-16
62-513,Paprotnia,,Wrzosowa,10,"Warsztat Terapii Zajęciowej Stowarzyszenia ""Razem Aktywni""","Stowarzyszenie ""Razem Aktywni""",1998-11-02
62-560,,Mielnica Duża,,33A,Warsztat Terapii Zajęciowej,Fundacja Mielnica,2000-04-03
64-000,Kościan,,Oś. Jagiellońskie,48,Warsztat Terapii Zajęciowej,Stowarzyszenie Pomocy Dzieciom i Młodzieży Niepełnosprawnej Światło Nadziei,1999-04-26
63-700,Krotoszyn,,Młyńska,2d,Warsztat Terapii Zajęciowej,Stowarzyszenie Na Rzecz Dzieci i Osób Niepełnosprawnych,2002-11-17
64-130,Rydzyna,,Plac Zamkowy,2,Warsztat Terapii Zajęciowej,Stowarzyszenie na Rzecz Aktywności Zawodowej i Społecznej Osób Niepełnosprawnych Ziemi Leszczyńskiej,2003-04-01
64-420,Kwilcz,,Nowe Osiedle,12,Warsztat Terapii Zajęciowej,"Stowarzyszenie Na Rzecz Osób Niepełnosprawnych ""TĘCZA""",2007-10-02
64-360,Zbąszyń,,Powstańców Wielkopolskich,41,Warsztat Terapii Zajęciowej,Społeczna Fundacja Pomocy Dzieciom Niepełnosprawnym,2007-10-02
64-310,Grońsko,,Grońsko,25,Warsztat Terapii Zajęciowej,Polskie Stowarzyszenie Na Rzecz Osób z Upośledzeniem Umysłowym Koło w Lwówku,2008-10-02
64-630,,Wiardunki,,64,Warsztat Terapii Zajęciowej,"Wielkopolskie Stowarzyszenie na rzecz Chorych Niepełnosprawnych i ich Rodzin ""Rehabilitacja""",2009-02-02
63-430,Odolanów,,Słoneczna,1,Warsztat Terapii Zajęciowej w Odolanowie,"Fundacja Inwalidów i Osób Niepełnosprawnych ""Miłosierdzie"" w Kaliszu",2000-04-11
63-400,Ostrów Wielkopolski,,Wiejska,1,Warsztat Terapii Zajęciowej Przygodzice z/s w Ostrowie Wielkopolskim,"Fundacja Inwalidów i Osób Niepełnosprawnych ""Miłosierdzie"" w Kaliszu",1999-09-23
63-400,Ostrów Wielkopolski,,Odolanowska,19,"Warsztat Terapii Zajeciowej ""TĘCZA""","Stowarzyszenie ""Promocja Rozwoju Dziecka i Rodziny"" w Ostrowie Wielkopolskim",1998-10-01
63-500,Doruchów,,Ostrzeszowska,14,Warsztat Terapii Zajęciowej,"Fundacja Inwalidów i Osób Niepełnosprawnych ""Miłosierdzie"" w Kaliszu",2000-04-02
63-522,,Kuźnica Grabowska,,100,Warsztat Terapii Zajęciowej,"Fundacja Inwalidów i Osób Niepełnosprawnych ""Miłosierdzie"" w Kaliszu",2000-03-02
63-507,,Pisarzowice,,28,Warsztat Terapii Zajęciowej,"Fundacja Inwalidów i Osób Niepełnosprawnych ""Miłosierdzie"" w Kaliszu",2008-01-01
63-500,Ostrzeszów,,Gen. Sikorskiego,9,Warsztat Terapii Zajęciowej,"Fundacja Inwalidów i Osób Niepełnosprawnych ""Miłosierdzie"" w Kaliszu",2001-07-02
64-930,Leżenica,,Leżenica,39,Warsztat Terapii Zajęciowej,Centrum Charytatywno - Opiekuńcze Caritas pw. Matki Bożej z Lourdes w Pile,2013-12-24
89-310,Liszkowo,,Liszkowo,60,Warsztat Terapii Zajęciowej w Liszkowie,Miejsko Gminny Ośrodek Pomocy Społecznej w Łobżenicy,2008-11-13
64-850,Ujście,,Plac Wiosny Ludów,1,Warsztat Terapii Zajęciowej,Parafia Rzymsko-Katolicka pw. Św. Mikołaja w Ujściu,2008-12-16
64-810,Morzewo,,Morzewo,160,Warsztat Terapii Zajęciowej przy PSONI Koło w Pile,Polskie Stowarzyszenie na Rzecz Osób z Niepełnosprawnością Intelektualną Koło w Pile,2007-12-02
64-920,Piła,,Motylewska,24,Warsztat Terapii Zajęciowej przy PSONI Koło w Pile,Polskie Stowarzyszenie na Rzecz Osób z Niepełnosprawnością Intelektualną Koło w Pile,2007-12-02
64-920,Piła,,Browarna,13,"Warsztat Terapii Zajęciowej ""Caritas""",Caritas Parafii pw. Św. Stanisława Kostki,2002-06-02
63-308,Gizałki,,Kolejowa,3,Warsztat Terapii Zajęciowej,"Wiejskie Stowarzyszenie Osób Niepełnosprawnych ""Pomocna Dłoń""",1998-06-22
63-313,,Nowolipsk,,41,Warsztat Terapii Zajęciowej,"Wiejskie Stowarzyszenie Osób Niepełnosprawnych ""Klaudiusz""",2002-12-02
63-322,,Kuchary,,99,Warsztat Terapii Zajęciowej,"Stowarzyszenie ""Mieszkańcom Gminy Gołuchów""",2000-06-05
62-020,Swarzędz,,Os. Kościuszkowców,13,Warsztat Terapii Zajęciowej,Stowarzyszenie Przyjaciół Dzieci Specjalnej Troski im. Leszka Grajka w Swarzędzu,2005-02-02
62-070,Konarzewo,,Poznańska,19,Warsztat Terapii Zajęciowej,"Stowarzyszenie Na Rzecz Osób Niepełnosprawnych ""Promyk"" w Komornikach",2007-11-04
62-005,Owińska,,Kolejowa,3,Warsztat Terapii Zajęciowej,Wielkopolski Związek Inwalidów Narządu Ruchu w Poznaniu,2008-08-02
62-025,Drzązgowo,,Drzązgowo,11,Warsztat Terapii Zajęciowej,"Stowarzyszenie Dzieci i Młodzieży Niepełnosprawnej ""Razem"" w Drzązgowie",2015-12-16
62-080,Tarnowo Podgórne,,27 Grudnia,8,"Warsztat Terapii Zajęciowej ""Roktar""","Stowarzyszenie Osób Niepełnosprawnych i Ich Rodzin ""Roktar"" w Rokietnicy",2015-12-16
62-095,Murowana Goślina,,Mściszewska,10,Warsztat Terapii Zajęciowej,Goślińskie Stowarzyszenie Przyjaciół Osób Niepełnosprawnych w Murowanej Goślinie,2018-12-16
62-030,Luboń,,Romana Maya,1,Warsztat Terapii Zajęciowej,"Stowarzyszenie Pomocy Osobom Niepełnosprawnym ""Wspólna Droga"" w Luboniu",2019-12-16
62-010,Pobiedziska,,Mieszka I nr,5,Warsztat Terapii Zajęciowej,Stowarzyszenie Na Rzecz Osób Niepełnosprawnych i Aktywności Lokalnej Dla Ciebie w Pobiedziskach,2019-12-16
63-910,Miejska Górka,,Szkolna,1,Wasztat Terapii Zajęciowej im. O. Euzebiusza Huchrackiego,Stowarzyszenie Dzieci i Osób Niepełnosprawnych w Miejskiej Górce,2008-12-07
62-420,,Babin,,,Warsztat Terapii Zajęciowej,Gmina Strzałkowo,2004-03-31
62-400,Słupca,,Armii Krajowej,27,Warsztat Terapii Zajęciowej,"Stowarzyszenie Na Rzecz Osób Niepełnosprawnych ""Na TAK"" w Słupcy",1999-10-31
62-410,,Michalinów,,,Warsztat Terapii Zajęciowej,Polskie Stowarzyszenie Na Rzecz Osób z Niepełnosprawnością Intelektualną w Michalinowie,1997-10-02
64-550,Duszniki,,Jana Pawła II B,10,Warsztat Terapii Zajęciowej,Gminny Ośrodek Pomocy Społecznej w Dusznikach,2016-12-06
64-500,Szamotuły,,Lipowa,27,Warsztat Terapii Zajęciowej,Zgromadzenie Sióstr Franciszkanek Rodziny Maryi w Szamotułach,2005-06-02
64-510,Wronki,,Powstańców Wlkp.,23,Warsztat Terapii Zajęciowej,Miejsko - Gminny Ośrodek Pomocy Społecznej we Wronkach,2016-12-15
63-100,Śrem,,Chełmońskiego,1,Warsztat Terapii Zajęciowej w Śremie,"Śremskie Stowarzyszenie na Rzecz Osób Niepełnosprawnych ""Trójka""",2020-12-02
63-000,Środa Wielkopolska,,Kościuszki,6b,Warsztat Terapii Zajęciowej,"Stowarzyszenie Pomocy ""SOS""",2002-11-11
62-700,Turek,,Kolska,19,Warsztat Terapii Zajęciowej,SINTUR SP. Z O.O.,1999-12-19
62-100,Wągrowiec,,Taszarowo,13,Warsztat Terapii Zajęciowej im. K.P.H. Grabiasa,"Wielkopolskie Stowarzyszenie na Nzecz Chorych Niepełnosprawnych i ich Rodzin ""Rehabilitacja""",2002-04-16
62-120,Wapno,,Solna,1,Warsztat Terapii Zajęciowej im. Jana Pawła II,"Wielkopolskie Stowarzyszenie na Rzecz Chorych Niepełnosprawnych i ich Rodzin ""Rehabilitacja""",2009-10-02
64-200,Wolsztyn,,5 Stycznia,14,Warsztat Terapii Zajęciowej w Wolsztynie,"Stowarzyszenie ""Razem łatwiej""",2015-09-27
